Account,Site Name,City,State,Latitude,Longitude,Project Type,Modality,Investment (USD),Jobs,Status,Expected Start,Opportunity Status,Technical Scope,Orise Offering Fit,Incumbent Vendors,Sources,Notes
Pfizer,Pfizer Portage/Kalamazoo Sterile Injectable & API Manufacturing Complex,Portage,MI,42.2011,-85.58,BROWNFIELD,fill-finish/sterile injectables; small molecule/API,750000000,300,under construction,,OPEN OPPORTUNITY,"Ongoing expansion of Pfizer's largest global manufacturing complex, which supplies sterile injectables, APIs and vaccines for 120+ countries. Most recent public tranche adds 300 jobs (process engineers, operating technicians, scientists) on top of 450 already-planned hires at a newly opened injectable/vaccine fill complex, indicating active commissioning and ramp-up of new lines.",SCADA / process control and automation (Moderate) | Digitalization / Industry 4.0 (Moderate),,Office of Michigan Governor Whitmer 2022-12-05 https://www.michigan.gov/whitmer/news/press-releases/2022/12/05/gov-whitmer-announces-pfizer-investing-$750-million [High] | Bridge Michigan Unverified https://bridgemi.com/business-watch/pfizer-announces-300-new-jobs-amid-750-million-expansion-near-kalamazoo/ [Medium] | Fierce Pharma Unverified https://www.fiercepharma.com/manufacturing/pfizer-expand-its-kalamazoo-manufacturing-site-roll-out-more-paxlovid [Medium],"Headline $750M was announced Dec 2022 (before the Jan 2024 window), but hiring and line commissioning described in Bridge Michigan/FiercePharma coverage appear to extend into 2024-2025, so the project is treated as in-progress within scope. This tranche stacks on prior $465M and $120M phases (dates not independently confirmed this session, Unverified). Exact current completion date not found; set to null."
Pfizer,Pfizer Rocky Mount Sterile Injectables Manufacturing Site,Rocky Mount,NC,35.9382,-77.7905,BROWNFIELD,fill-finish/sterile injectables,,,operational,,Monitor,"One of the largest sterile injectable plants in the world (1.4M sq ft on 250 acres), supplying roughly one-quarter of all sterile injectable medicines used in the US healthcare system. A July 2023 tornado damaged the site's HiRise warehouse; Pfizer restarted the majority of manufacturing lines by September 2023. The site's newer 'R3' sterile injectable module was FDA-approved in 2023.",Lifecycle support and managed services (Moderate),,Pfizer 2023-09-25 https://www.pfizer.com/news/announcements/pfizers-rocky-mount-facility-restarts-production-amid-first-phase-post-tornado [High] | Pfizer (fact sheet) 2023-08-14 https://cdn.pfizer.com/pfizercom/2023-08/Rocky_Mount_NC_Fact_Sheet_081423.pdf [High],No confirmed new capital project announced specifically within the Jan 2024-2026 window was found for Rocky Mount in this research pass; tornado-recovery capital spend was not publicly quantified. Included as major existing footprint per task instructions. Unverified whether further automation refresh followed the 2023 tornado repairs.
Pfizer,Pfizer Sanford Gene Therapy & Biologics Site (incl. former Abzena facility),Sanford,NC,35.4799,-79.1803,BROWNFIELD,cell & gene therapy; biologics/mAbs,,300,operational,2025,Monitor,"Pfizer acquired an adjacent biologics drug-substance facility from Abzena (announced Jan 17, 2023) to add to its existing Sanford, NC gene therapy plant. The acquired site uses 2000-liter reactors and was originally built for Duchenne muscular dystrophy and hemophilia A/B gene therapy programs; Pfizer is adding pipeline products and integrating it into its network, growing staff from ~100 to a targeted ~300 by 2025.",Legacy system modernization and migration (Moderate) | Validation / CSV / data integrity (Moderate),,Pfizer 2023-01-17 https://www.pfizer.com/news/announcements/pfizer-acquire-sanford-north-carolina-manufacturing-site-abzena [High] | Fierce Pharma Unverified https://www.fiercepharma.com/manufacturing/pfizer-buys-biologics-manufacturing-site-north-carolina-abzena [Medium],"Acquisition announced Jan 2023 (before window) but staffing target of ~300 employees by 2025 indicates integration work continuing into the window. Deal value undisclosed. A separate, earlier ~$500M/300-job gene therapy expansion at Sanford was referenced in trade coverage (researchtriangle.org) but its date could not be confirmed this session (Unverified) and is not counted as a distinct 2024-2030 project."
Pfizer,Pfizer Andover Biologics Clinical Manufacturing Facility,Andover,MA,42.6584,-71.137,BROWNFIELD,biologics/mAbs,,,operational,,Monitor,"175,000 sq ft biologics clinical manufacturing facility with five independent manufacturing suites supporting Pfizer's biotherapeutics and vaccine pipeline (50+ projects in development at time of opening).",,,BioPharma Dive Unverified https://www.biopharmadive.com/news/pfizer-begins-construction-on-200-million-biologics-plant-in-ma/421064/ [Medium],Original $200M facility predates the research window and no 2024-2026 capital project was identified for this site in this research pass. Included as existing footprint only.
Pfizer,Pfizer McPherson Sterile Injectables Site,McPherson,KS,38.3709,-97.6647,BROWNFIELD,fill-finish/sterile injectables,,,operational,,Monitor,"Manufactures sterile injectable medicines including pain management, sedation, antibiotics, blood pressure regulators and biosimilars; also fills vaccines into vials alongside Kalamazoo.",,,Pfizer Unverified https://www.pfizer.com/pgs-mcpherson-ks [Medium],No 2024-2026 capital project identified for this site in this research pass. Included as major existing footprint only.
Eli Lilly,Lilly Lebanon LEAP District - API Manufacturing (incl. Medicine Foundry),Lebanon,IN,40.0486,-86.4661,GREENFIELD,GLP-1/peptides; small molecule/API,9000000000,,under construction,2027,OPEN OPPORTUNITY,"Will be the largest active pharmaceutical ingredient production site in US history when it opens in 2027, producing API for tirzepatide (Mounjaro/Zepbound) and pipeline GLP-1/peptide medicines. Part of an ~800-acre campus planned to hold about 20 buildings.",SCADA / process control and automation (Strong) | MES implementation and integration (Strong) | Validation / CSV / data integrity (Strong),,CHEManager Unverified https://chemanager-online.com/en/news/lilly-deepens-lebanon-campus-investment-with-4-5-billion-commitment [Medium] | Indiana Capital Chronicle 2024-05-24 https://indianacapitalchronicle.com/2024/05/24/holcomb-eli-lilly-announce-additional-5-3-billion-investment-in-leap/ [Medium] | Pharmaceutical Technology Unverified https://www.pharmtech.com/view/lilly-raises-investment-in-indiana-site-to-9-billion-to-expand-api-manufacturing [Medium] | Eli Lilly Investor Relations Unverified https://investor.lilly.com/news-releases/news-release-details/lilly-increases-manufacturing-investment-9-billion-newest [High],"Investment figure evolved over time: $2.1B (May 2022, combined with Advanced Therapies building) -> +$5.3B (May 2024) -> cited as $9B total for the API-focused build. Jobs figure specific to this building not found; overall Indiana LEAP commitment (all buildings combined) is cited elsewhere as 'more than $21 billion since 2020' -- not used here to avoid double-counting against the separate Advanced Therapies entry."
Eli Lilly,Lilly Lebanon LEAP District - Advanced Therapies / Genetic Medicines Facility,Lebanon,IN,40.0486,-86.4661,GREENFIELD,cell & gene therapy,4500000000,,under construction,,OPEN OPPORTUNITY,"New genetic medicine (cell & gene therapy) manufacturing facility at the LEAP Research and Innovation District, building on the 'Lilly Lebanon Advanced Therapies' building first announced in 2022.",SCADA / process control and automation (Strong) | MES implementation and integration (Strong) | Validation / CSV / data integrity (Strong),,CHEManager Unverified https://chemanager-online.com/en/news/lilly-deepens-lebanon-campus-investment-with-4-5-billion-commitment [Medium] | WFYI 2026-05-06 https://www.wfyi.org/wfyi-news/2026-05-06/lilly-unveils-new-genetic-medicine-facility-in-lebanon-leap-district-and-4-5-billion-investment [Medium] | Daily Journal 2026-05-07 https://dailyjournal.net/2026/05/07/lilly-announces-additional-4-5b-investment-at-leap-district-manufacturing-site/ [Medium],"Announced ~May 2026. Precise construction timeline/opening date not found in sources reviewed (set to null). This is presented in local/trade press as an addition to the original 2022 Lebanon Advanced Therapies commitment (part of an initial $2.1B combined with the API building); exact building count and scope beyond 'investment' language not fully detailed in sources reviewed -- Medium confidence, cross-checked across 3 independent outlets but not the original Lilly press release itself."
Eli Lilly,Lilly Concord Parenteral Products & Device Manufacturing Facility,Concord,NC,35.4088,-80.5795,GREENFIELD,GLP-1/peptides; fill-finish/sterile injectables; devices/combination products,2000000000,600,operational,2024,Monitor,"Manufactures parenteral (injectable) GLP-1 products (Mounjaro, Zepbound) and auto-injector devices. Opened June 2024 using heavy automation and robotics; workforce grew from a planned ~600 to 750+ employees, with the company noting plans to expand further as production increases.",Lifecycle support and managed services (Moderate) | Digitalization / Industry 4.0 (Weak),,Fierce Pharma Unverified https://www.fiercepharma.com/manufacturing/automation-robots-and-local-talent-guide-way-lillys-2b-north-carolina-injectables [Medium] | Eli Lilly Investor Relations Unverified https://investor.lilly.com/news-releases/news-release-details/lilly-announces-1-billion-investment-new-manufacturing-facility [High] | NC Dept. of Commerce Unverified https://www.commerce.nc.gov/news/press-releases/governor-cooper-announces-nearly-600-jobs-lilly-selects-cabarrus-county-major [High],"Initial site selection/announcement (2022) predates window; classified here mainly for its 2024 opening and any residual/near-term expansion signal, since automation for the initial build is likely already awarded (Closed/late for that original scope)."
Eli Lilly,Lilly Houston API Manufacturing Plant,Houston,TX,29.7604,-95.3698,GREENFIELD,small molecule/API; GLP-1/peptides,6500000000,,under construction,,OPEN OPPORTUNITY,"New API manufacturing plant, one of five Lilly US sites dedicated to domestic active pharmaceutical ingredient production announced since 2020. Groundbreaking occurred around September 21, 2026; expected to become operational within about five years of groundbreaking.",SCADA / process control and automation (Strong) | MES implementation and integration (Strong),,Eli Lilly Investor Relations Unverified https://investor.lilly.com/news-releases/news-release-details/lilly-breaks-ground-houston-one-ten-us-manufacturing-sites [High] | Construction Dive Unverified https://www.constructiondive.com/news/eli-lilly-breaks-ground-houston-manufacturing-plant/831307/ [Medium] | Nasdaq (PR Newswire) 2026-09-21 https://www.nasdaq.com/press-release/lilly-breaks-ground-houston-one-ten-us-manufacturing-sites-announced-2020-2026-09-21 [Medium],"Very recent groundbreaking relative to research date (Sept 28, 2026). Expected operational date approximated as roughly 2031 ('within five years' of groundbreaking) but not stated as a specific year in sources reviewed, so expected_start left null; see investment_display/notes for context."
Eli Lilly,Lilly Huntsville Advanced Manufacturing Facility,Huntsville,AL,34.7304,-86.5861,GREENFIELD,small molecule/API,6000000000,,announced,2032,OPEN OPPORTUNITY,New advanced API manufacturing operation; one of Lilly's five US API-dedicated sites announced since 2020. Construction is set to begin in 2026 with completion slated for 2032.,SCADA / process control and automation (Strong) | MES implementation and integration (Strong),,City of Huntsville Unverified https://www.huntsvilleal.gov/eli-lilly-announces-6-billion-pharmaceutical-manufacturing-investment-in-huntsville/ [High] | Office of Alabama Governor Ivey 2025-12 https://governor.alabama.gov/newsroom/2025/12/governor-ivey-announces-pharmaceutical-giant-lilly-plans-6-billion-advanced-manufacturing-plant-in-huntsville/ [High],Announcement dated to December 2025 per governor.alabama.gov URL path. Jobs figure not found in sources reviewed this session.
Eli Lilly,Lilly Lehigh Valley Injectable Medicine & Device Manufacturing Facility,Allentown area (Lehigh Valley),PA,40.6023,-75.4714,GREENFIELD,GLP-1/peptides; fill-finish/sterile injectables; devices/combination products,3500000000,,announced,,OPEN OPPORTUNITY,"New facility to manufacture Lilly's next-generation weight-loss therapies, including the triple agonist retatrutide, plus other injectable medicines and devices. Reported as the fourth of the new US sites revealed as part of Lilly's ~$27B+ 2025 investment program.",SCADA / process control and automation (Strong) | MES implementation and integration (Strong),,Eli Lilly Investor Relations Unverified https://investor.lilly.com/news-releases/news-release-details/lilly-selects-pennsylvania-home-its-newest-injectable-medicine [High] | pharmaphorum Unverified https://pharmaphorum.com/news/lilly-names-pennsylvania-site-its-latest-us-facility [Medium],"Exact township/city within Lehigh Valley and precise timeline not confirmed in sources reviewed; city field approximated to Allentown, PA for coordinates only (Unverified precise location)."
Eli Lilly,Lilly Goochland County (Richmond area) Biologics/API Facility (West Creek Business Park),Goochland,VA,37.6746,-77.8536,GREENFIELD,biologics/mAbs; small molecule/API,5000000000,650,announced,2030,OPEN OPPORTUNITY,"Lilly's first dedicated, fully integrated API and drug product facility for its emerging bioconjugate platform and monoclonal antibody portfolio, producing APIs for cancer, autoimmune and other advanced therapies. Located at West Creek Business Park in Goochland County, ~20 miles west of Richmond.",SCADA / process control and automation (Strong) | Digitalization / Industry 4.0 (Moderate),,Virginia Economic Development Partnership 2025-09 https://www.vedp.org/press-release/2025-09/eli-lilly-goochland-county [High] | Eli Lilly Investor Relations Unverified https://investor.lilly.com/news-releases/news-release-details/lilly-announces-plans-build-5-billion-manufacturing-facility [High] | Engineering News-Record Unverified https://www.enr.com/articles/61440-virginia-wins-5b-eli-lilly-biomanufacturing-facility [Medium],"Announced September 2025; investment expanded from an original $2.148B/468-job plan to $5B/650 jobs. Completion estimated 'within the next five years' of the Sept 2025 announcement, approximated here as 2030."
Eli Lilly,Lilly Kenosha County Injectable & Device Manufacturing Facility,Kenosha,WI,42.5847,-87.8212,BROWNFIELD,GLP-1/peptides; fill-finish/sterile injectables; devices/combination products,3000000000,750,under construction,,OPEN OPPORTUNITY,"Expansion of a recently acquired injectable-medicine and device assembly/packaging facility (serving Mounjaro/Zepbound and other therapeutic areas). Lilly's own release explicitly describes advanced automation including automated guided vehicles, robotics and production equipment, with 'digital automation embedded throughout the site to accelerate processes and increase accuracy.' Described as Lilly's largest US manufacturing investment outside Indiana.",SCADA / process control and automation (Strong) | Digitalization / Industry 4.0 (Strong) | MES implementation and integration (Strong),,Eli Lilly Investor Relations Unverified https://investor.lilly.com/news-releases/news-release-details/lilly-announces-3-billion-expansion-its-recently-acquired [High] | Fierce Pharma Unverified https://www.fiercepharma.com/pharma/investment-spree-lilly-will-spend-3b-expand-newly-acquired-injectables-plant-wisconsin [Medium] | Wisconsin Economic Development Corp. Unverified https://wedc.org/gov-evers-eli-lilly-and-company-celebrate-3-billion-expansion-of-manufacturing-facility-in-wisconsin/ [High],"Facility was 'recently acquired' by Lilly before this expansion was announced (making the site brownfield), then expanded with $3B on top of the acquisition; combined Wisconsin commitment (acquisition + expansion + land/warehouse) cited as $4B. Precise announcement date not fully confirmed this session (Unverified, believed to be 2024); construction was described as starting 'next year' relative to the announcement."
Eli Lilly,Lilly del Caribe Oral Solid Dose Manufacturing Site (Modernization),Carolina,PR,18.3809,-65.9524,BROWNFIELD,oral solid dose; GLP-1/peptides,1200000000,100,announced,,OPEN OPPORTUNITY,"Modernization and expansion of the existing Lilly del Caribe oral solid dose campus to manufacture orforglipron (Lilly's first oral small-molecule GLP-1) and expand capacity for cardiometabolic, neuroscience, oncology and immunology oral medicines. Lilly's own press release explicitly names planned upgrades: dock-to-dock automation and material flow, paperless manufacturing systems, process analytical technology (PAT), and spray-dried dispersion process technology.",MES implementation and integration (Strong) | Digitalization / Industry 4.0 (Strong) | Legacy system modernization and migration (Strong) | Validation / CSV / data integrity (Moderate),,Eli Lilly (mediaroom) 2025-10-29 https://lilly.mediaroom.com/2025-10-29-Lilly-announces-more-than-1-2-billion-investment-in-Puerto-Rico-facility-to-boost-oral-medicine-manufacturing-capacity-in-the-United-States [High] | Eli Lilly Investor Relations 2025-10-29 https://investor.lilly.com/news-releases/news-release-details/lilly-announces-more-12-billion-investment-puerto-rico-facility [High],"One of the strongest documented automation/digitalization opportunities in this dataset -- explicit mention of paperless MES and PAT directly in Lilly's own press release (High confidence, official source). Precise construction timeline not stated in sources reviewed."
Eli Lilly,Lilly Research Triangle Park Injectable & Device Site,Durham,NC,35.899,-78.8664,BROWNFIELD,fill-finish/sterile injectables; devices/combination products,,,operational,,Monitor,"Existing Lilly injectable medicine and device manufacturing site, listed by the company among its four US injectable/device sites (alongside Concord NC, Kenosha WI and Lehigh Valley PA).",,,Eli Lilly Investor Relations Unverified https://investor.lilly.com/news-releases/news-release-details/lilly-breaks-ground-houston-one-ten-us-manufacturing-sites [Medium],Included as existing footprint per Lilly's own site listing; no dedicated 2024-2026 capital announcement identified for this specific site in this research pass.
Eli Lilly,Lilly Indianapolis Corporate HQ & Manufacturing Complex,Indianapolis,IN,39.7684,-86.1581,BROWNFIELD,small molecule/API; biologics/mAbs; devices/combination products,,,operational,,Monitor,Lilly's original and largest legacy manufacturing/HQ campus in Indiana; continues to operate alongside the new Lebanon LEAP District buildout.,,,Eli Lilly Investor Relations Unverified https://investor.lilly.com/news-releases/news-release-details/lilly-plans-more-double-us-manufacturing-investment-2020 [Medium],"Included as major existing footprint per task instructions; no dedicated 2024-2026 capital figure specific to Indianapolis (as distinct from the Lebanon LEAP District entries) was identified in this research pass, so investment_usd is left null to avoid double-counting the Indiana-wide '$21 billion since 2020' figure already partially reflected in the Lebanon entries."
AbbVie,AbbVie North Chicago API Facility (Phase 1),North Chicago,IL,42.3253,-87.8412,BROWNFIELD,small molecule/API,195000000,,under construction,2027,OPEN OPPORTUNITY,"New API manufacturing plant at AbbVie's North Chicago home campus, expanding domestic active pharmaceutical ingredient production. Construction began fall 2025; site expected fully operational in 2027.",SCADA / process control and automation (Strong) | MES implementation and integration (Strong),,AbbVie 2025-08-12 https://news.abbvie.com/2025-08-12-AbbVie-Announces-195-Million-Investment-to-Expand-Active-Pharmaceutical-Ingredient-Manufacturing-in-the-U-S [High] | PharmExec Unverified https://www.pharmexec.com/view/abbvie-latest-commit-new-us-manufacturing-growth-projects-committing-195-million-expand-api-capabilities [Medium],"Part of AbbVie's broader >$10B US manufacturing pledge (announced April 2025). See related, separately announced $380M/two-building North Chicago API project (Feb 2026) -- combined North Chicago API investment across both rounds exceeds $575M; Unverified whether the two rounds are fully additive or represent phased disclosure of one program."
AbbVie,AbbVie North Chicago Two New API Manufacturing Facilities (Phase 2),North Chicago,IL,42.3253,-87.8412,BROWNFIELD,small molecule/API,380000000,,announced,2029,OPEN OPPORTUNITY,"Construction of two additional new API manufacturing facilities at AbbVie's North Chicago, IL campus; construction to begin spring 2026, fully operational in 2029.",SCADA / process control and automation (Strong) | MES implementation and integration (Strong),,AbbVie 2026-02-23 https://news.abbvie.com/2026-02-23-AbbVie-to-Invest-380-Million-in-North-Chicago-to-Further-Expand-Active-Pharmaceutical-Ingredient-Manufacturing-in-the-United-States [High] | Fierce Pharma Unverified https://www.fiercepharma.com/manufacturing/abbvie-us-investment-tear-splashes-380m-2-new-api-plants-illinois-home-campus [Medium],Distinct press release from the Aug 2025 $195M North Chicago API project (see related entry); both fall under AbbVie's >$10B US manufacturing pledge announced April 2025.
AbbVie,AbbVie Bioresearch Center Expansion,Worcester,MA,42.2626,-71.8023,BROWNFIELD,biologics/mAbs,70000000,,under construction,,OPEN OPPORTUNITY,"Expansion of biologics manufacturing areas plus a new three-story building (laboratory, warehouse and office space) at the AbbVie Bioresearch Center, a center of excellence for biologics R&D and manufacturing; expands domestic biologics capacity for oncology and immunology medicines. Construction began Sept 30, 2025.",MES implementation and integration (Moderate) | Digitalization / Industry 4.0 (Weak),,AbbVie 2025-09-30 https://news.abbvie.com/2025-09-30-AbbVie-Begins-Construction-on-70-Million-Expansion-to-Further-Increase-Biologics-Manufacturing-and-R-D-Presence-in-the-U-S [High] | Fierce Pharma Unverified https://www.fiercepharma.com/manufacturing/abbvie-charts-next-leg-us-investment-journey-70m-rd-production-expansion-ma [Medium],Part of AbbVie's >$10B US capital commitment announced April 2025. Completion date not specified in sources reviewed.
AbbVie,AbbVie Durham New Manufacturing Campus (Small Volume Parenteral Center of Excellence),Durham,NC,35.994,-78.8986,GREENFIELD,fill-finish/sterile injectables,1400000000,734,announced,2028,OPEN OPPORTUNITY,"New 185-acre pharmaceutical manufacturing campus that will serve as AbbVie's US center of excellence for small volume parenteral (SVP) manufacturing. First phase includes SVP drug product manufacturing facilities, next-generation laboratories, a warehouse, administrative offices and employee wellness facilities. Construction begins 2026 (announced April 2026), completion expected by end of 2028; 734 jobs planned over 4 years plus 2,000+ construction jobs.",SCADA / process control and automation (Strong) | MES implementation and integration (Strong) | Digitalization / Industry 4.0 (Strong) | Validation / CSV / data integrity (Strong),,AbbVie 2026-04-22 https://news.abbvie.com/2026-04-22-AbbVie-Selects-North-Carolina-for-New-1-4-Billion-Manufacturing-Campus [High] | Office of NC Governor Stein 2026-04-22 https://governor.nc.gov/news/press-releases/2026/04/22/governor-stein-announces-abbvie-build-new-14-billion-manufacturing-campus-durham [High] | Manufacturing Dive Unverified https://www.manufacturingdive.com/news/drugmaker-abbvie-durham-north-carolina-manufacturing-campus/818303/ [Medium],"Reported as AbbVie's largest-ever single campus investment (per BioSpace coverage). Announced April 22, 2026, only about 5 months before this research date -- earliest possible engagement stage for Orise."
AbbVie,AbbVie Tempe Device Manufacturing Facility (acquired from West Pharmaceutical Services),Tempe,AZ,33.4255,-111.94,BROWNFIELD,devices/combination products,175000000,200,announced,,OPEN OPPORTUNITY,"AbbVie agreed (Jan 12, 2026) to acquire a device manufacturing facility in Tempe, AZ from West Pharmaceutical Services, investing $175M+ to modernize and fully integrate it into AbbVie's global manufacturing network; approximately 200 new jobs planned.",Legacy system modernization and migration (Strong) | MES implementation and integration (Moderate),,"AbbVie 2026-01-12 https://news.abbvie.com/2026-01-12-AbbVie-to-Acquire-Arizona-Manufacturing-Facility,-Further-Strengthening-Manufacturing-Capabilities-in-the-United-States [High] | In Business Phoenix Unverified https://inbusinessphx.com/growth-enterprise/pharma-co-plans-175m-in-upgrades-for-acquired-tempe-factory [Medium]","Definitive agreement announced Jan 12, 2026; deal/integration timeline beyond the announcement not detailed in sources reviewed."
AbbVie,AbbVie Barceloneta Manufacturing Sites (existing footprint),Barceloneta,PR,18.45,-66.54,BROWNFIELD,small molecule/API; biologics/mAbs,,,operational,,Monitor,"AbbVie's long-standing Puerto Rico manufacturing base (presence since 1969); three sites on the island producing immunology, virology and metabolic-disorder products including Humira (adalimumab).",,,Fierce Pharma Unverified https://www.fiercepharma.com/manufacturing/abbvie-and-puerto-rico-announce-30-million-expansion [Medium] | AbbVie Contract Manufacturing Unverified https://www.abbviecontractmfg.com/locations/barceloneta-puerto-rico-apl.html [Medium],"Only investment figure found ($30 million) dates to 2015, well before the research window, so investment_usd is left null here rather than reported as a 2024-2030 project. No 2024-2026 capital announcement for Barceloneta was identified in this research pass; included as existing major footprint only. Unverified whether a newer PR investment exists beyond what was found."
Merck & Co.,Elkton Center of Excellence for Pharmaceutical Manufacturing,Elkton,VA,38.4098,-78.6214,BROWNFIELD,small molecule/API,3000000000,500,under construction,2029,OPEN OPPORTUNITY,"New 400,000 sq ft building at Merck's existing Elkton small-molecule campus, groundbreaking Oct 20, 2025, adding API and drug-product manufacturing/testing capacity. Full commissioning and site automation build-out (process control, MES, electronic batch records) is still ahead of an ~2029 completion.",SCADA / process control and automation (Strong) | MES implementation and integration (Strong) | Validation / CSV / data integrity (Moderate),,Merck & Co. newsroom 2025-10-20 https://www.merck.com/news/merck-breaks-ground-on-3-billion-center-of-excellence-for-pharmaceutical-manufacturing-in-elkton-virginia/ [High] | Virginia Mercury 2025-10-20 https://virginiamercury.com/2025/10/20/merck-to-invest-3-billion-in-elkton-expansion-adding-up-to-500-jobs-in-shenandoah-valley/ [Medium] | Virginia Business 2025-10 https://virginiabusiness.com/merck-runs-3b-small-molecule-plant-expansion-elkton-va/ [Medium],"Completion date reported inconsistently across trade press: some cite 2028 for initial operations/validation, others 2029 for full production start; 2029 used as most-commonly-cited figure. ~8,000 construction jobs also cited alongside the 500 full-time figure."
Merck & Co.,Wilmington Biologics Center of Excellence (KEYTRUDA),Wilmington,DE,39.7447,-75.5484,GREENFIELD,biologics/mAbs,1000000000,500,under construction,2030,OPEN OPPORTUNITY,"470,000 sq ft new-build biologics facility (labs, manufacturing, warehouse), groundbreaking April 2025, intended as the future US commercial-production home for KEYTRUDA (pembrolizumab) and next-generation antibody-drug conjugates. Lab component operational by 2028; compound production begins 2030. A full automation/MES stack for a new commercial biologics launch site is still to be designed and installed.",MES implementation and integration (Strong) | SCADA / process control and automation (Strong) | Validation / CSV / data integrity (Strong),,Merck & Co. newsroom 2025-04 https://www.merck.com/news/merck-breaks-ground-on-new-1-billion-biologics-center-of-excellence-in-wilmington-delaware/ [High] | Fierce Pharma 2025-04 https://www.fiercepharma.com/manufacturing/delaware-merck-begins-construction-1b-keytruda-manufacturing-facility [Medium] | Delaware Business Times 2025-04 https://delawarebusinesstimes.com/news/merck-keytruda-in-wilmington/ [Medium],"Classified GREENFIELD based on 'breaks ground on new facility' framing and no prior Merck manufacturing presence identified in Wilmington, DE in this research; not fully confirmed the parcel was previously undeveloped. Potential future expansion phase could add ~1,500 more roles (not counted here as a separate confirmed project)."
Merck & Co.,Animal Health De Soto expansion,De Soto,KS,38.9764,-94.9683,BROWNFIELD,fill-finish/sterile injectables,895000000,200,announced,2030,OPEN OPPORTUNITY,"$895M expansion ($860M manufacturing + $35M R&D labs) of Merck Animal Health's existing De Soto site, adding filling and freeze-dryer capacity for large-molecule veterinary vaccines/biologics. Site preparation and facility design were slated to start immediately after the May 2025 announcement; commercial manufacturing targeted for 2030. Automation for the new filling/lyophilization lines is still to be scoped.",SCADA / process control and automation (Strong) | MES implementation and integration (Moderate),,Merck & Co. newsroom 2025-05-08 https://www.merck.com/news/merck-animal-health-and-state-of-kansas-announce-895-million-investment-in-manufacturing-and-research-development-facilities-in-de-soto/ [High] | Office of the Governor of Kansas 2025-05-08 https://www.governor.ks.gov/Home/Components/News/News/658/55 [High] | Kansas Department of Commerce 2025-05-08 https://www.kansascommerce.gov/2025/05/merck-animal-health-investing-895m-in-de-soto-plant-expansion/ [High],"Billed as the second-largest private investment in Kansas history. Existing site currently has ~300 employees; expansion adds ~200 more plus ~2,500 construction jobs. Construction status as of Sept 2026 not independently confirmed beyond the initial 'starts immediately' announcement language, hence status kept as 'announced' rather than 'under construction'."
Merck & Co.,Durham vaccine manufacturing facility,Durham,NC,35.994,-78.8986,BROWNFIELD,mRNA/vaccines,1000000000,,operational,,Closed/late,"225,000 sq ft vaccine-manufacturing facility at Merck's existing Durham campus, producing Gardasil (HPV) and other vaccines. Described in Merck's own April 2025 capital-investment fact sheet and local press as newly opened, meaning core process-control/MES automation for this specific building was already designed and delivered during the build.",Lifecycle support and managed services (Weak),,ABC11 (local news) 2024-2025 (exact date unconfirmed) https://abc11.com/post/drugmaker-merck-opens-new-vaccine-manufacturing-facility-north-durham/16007474/ [Medium] | Merck & Co. (capital investment fact sheet) 2025-04 https://www.merck.com/wp-content/uploads/sites/124/2025/04/MerckUSCapitalInvestmentFactSheet.pdf [High],"Modality tagged 'mRNA/vaccines' as the closest fit in the fixed taxonomy; Gardasil is a recombinant VLP vaccine, not mRNA-based. Exact opening date not pinned down precisely in available sources (fact sheet dated April 2025 already describes it as delivered). An earlier, seemingly related 2021-era announcement cited a combined $650M/391-job Durham project (plus $30M/34 jobs in Wilson) — unclear if this is the same project that grew to $1B by completion or a related-but-distinct effort; flagged as Unverified."
Merck & Co.,Wilson biologics/vaccine site expansion,Wilson,NC,35.7213,-77.9161,BROWNFIELD,mRNA/vaccines,57000000,,announced,,Monitor,"Incremental expansion at Merck's existing large Wilson County biologics/vaccine site, per an NC Department of Commerce release citing a $57 million investment. Public sourcing found in this research does not confirm current construction status, precise scope, or exact announcement date.",Lifecycle support and managed services (Weak),,NC Department of Commerce date not confirmed https://www.commerce.nc.gov/news/press-releases/biopharmaceutical-manufacturer-merck-expands-again-wilson-county-57-million [Medium],"Unverified exact timing. May be related to (or distinct from) an earlier ~2021 announcement of a $30M/34-job Wilson County component of a combined $680M Durham+Wilson Gardasil expansion (391 jobs Durham + 34 jobs Wilson = 425 total) — dollar figures do not reconcile cleanly across sources, so treated as a separate, smaller line item pending direct verification."
Merck & Co.,West Point manufacturing site,West Point,PA,40.21,-75.3893,BROWNFIELD,biologics/mAbs; mRNA/vaccines,,,operational,,Monitor,"Long-standing major Merck manufacturing site (vaccines, biologics fill/finish) and a principal US research facility. Named in Merck's own materials as one of the sites (with Elkton, Durham and Wilson) driving 1,700 net new US manufacturing jobs 2018-2024. No specific new 2024-2026 capital project identified in this research.",Lifecycle support and managed services (Weak),,Merck & Co. (capital investment fact sheet) 2025-04 https://www.merck.com/wp-content/uploads/sites/124/2025/04/MerckUSCapitalInvestmentFactSheet.pdf [High] | MontCo.Today (local news) 2025-05 https://montco.today/2025/05/merck-west-point-remains-strong/ [Medium],"Included as a major existing footprint site per research scope item #1, not because of an identified new capital project."
Merck & Co.,Rahway headquarters / manufacturing operations HQ,Rahway,NJ,40.6082,-74.2776,BROWNFIELD,small molecule/API,,,operational,,Monitor,"Corporate headquarters and, per Merck's 10-K, the nominal headquarters of the company's manufacturing operations; functions today primarily as HQ/R&D. No specific 2024-2026 manufacturing capital project identified.",Lifecycle support and managed services (Weak),,"Merck & Co. Form 10-K (FY2025), SEC EDGAR 2026 https://www.sec.gov/Archives/edgar/data/310158/000031015826000063/mrk-20251231.htm [High]","Included for completeness of footprint per 10-K Properties language ('manufacturing operations are currently headquartered in Rahway, New Jersey'); not a capital project."
Bristol Myers Squibb,Houston (Generation Park) multi-modal manufacturing campus,Houston,TX,29.9511,-95.19,GREENFIELD,small molecule/API; biologics/mAbs,2300000000,500,announced,2030,OPEN OPPORTUNITY,"New ~600,000 sq ft modular, multi-modal campus (small molecules, biologics and antibody-drug conjugates) at Generation Park in Houston, announced Aug 10, 2026. Construction and job creation are phased from 2027 through 2030; no facility design, automation, or MES vendor has been publicly announced. This is the cleanest full-stack greenfield opportunity identified in the BMS portfolio.",SCADA / process control and automation (Strong) | MES implementation and integration (Strong) | Digitalization / Industry 4.0 (Moderate),,Generation Park (developer) 2026-08-10 https://www.generationpark.com/post/bristol-myers-squibb-chooses-generation-park-for-2-3-billion-manufacturing-campus [Medium] | Manufacturing Dive 2026-08 https://www.manufacturingdive.com/news/bristol-myers-squibb-invest-2b-manufacturing-campus-houston/828245/ [Medium] | Business Wire (via Morningstar) — BMS press release 2026-08-10 https://www.morningstar.com/news/business-wire/20260810766100/bristol-myers-squibb-advances-us-manufacturing-investment-with-new-23-billion-campus-in-houston-texas [High],"No specific facility opening date disclosed; 2030 used as the outer bound of the disclosed 2027-2030 construction/hiring window. Part of BMS's broader $40 billion, five-year US R&D/manufacturing commitment."
Bristol Myers Squibb,RayzeBio Whitestown radioligand therapy manufacturing plant,Whitestown,IN,39.9909,-86.3641,GREENFIELD,fill-finish/sterile injectables,173000000,100,announced,2029,OPEN OPPORTUNITY,"New 225,000 sq ft radioligand-therapy (radiopharmaceutical) manufacturing plant in Anson Industrial Park, Whitestown, IN, announced Aug 2026 ($173M), complementing RayzeBio's existing 77,000 sq ft Indianapolis facility. Construction was slated to begin in 2026, with combined Indianapolis + Whitestown jobs building to 100 by end of 2029. Full automation/MES build for a new radiopharmaceutical GMP plant is still ahead.",SCADA / process control and automation (Strong) | Validation / CSV / data integrity (Moderate),,Office of the Governor of Indiana 2026-08 https://events.in.gov/event/gov-braun-announces-173-million-rayzebio-investment-100-new-jobs-as-indianas-life-sciences-sector-grows [High] | Fierce Pharma 2026-08 https://www.fiercepharma.com/manufacturing/bms-build-2nd-radiopharmaceutical-plant-indiana-173m [Medium] | WRTV (local news) 2026-08 https://www.wrtv.com/news/local-news/rayzebio-to-invest-173-million-in-indiana-for-new-whitestown-cancer-therapy-plant [Medium],"Modality is radioligand therapy / radiopharmaceuticals, which is not explicitly covered by the fixed modality taxonomy; 'fill-finish/sterile injectables' used as closest available tag since these are sterile injectable drug products. Annual wages for new roles cited as exceeding $130,000."
Bristol Myers Squibb,RayzeBio Indianapolis radioligand therapy facility (existing),Indianapolis,IN,39.7684,-86.1581,BROWNFIELD,fill-finish/sterile injectables,,,operational,,Monitor,"Existing 77,000 sq ft RayzeBio radioligand-therapy supply/manufacturing operation on the northeast side of Indianapolis, now under BMS since the 2024 RayzeBio acquisition; supports current US and global clinical/commercial supply.",Legacy system modernization and migration (Weak),,WRTV (local news) 2026-08 https://www.wrtv.com/news/local-news/rayzebio-to-invest-173-million-in-indiana-for-new-whitestown-cancer-therapy-plant [Medium],"RayzeBio acquired by BMS in 2024. Existing facility referenced only as background context in coverage of the new Whitestown, IN plant; no dedicated source describing a current capital project at this Indianapolis facility was found."
Bristol Myers Squibb,Devens cell therapy (CAR-T) manufacturing facility,Devens,MA,42.532,-71.6109,BROWNFIELD,cell & gene therapy,,,operational,,Closed/late,"244,000 sq ft commercial CAR-T cell-therapy facility built on BMS's existing 89-acre Devens campus; FDA-approved June 2023. BMS describes '30+ digital and AI use cases' embedded in operations, and the site was named a World Economic Forum Global Lighthouse in 2026 (the only North American manufacturing site so honored that year) — strong evidence that core automation/digital investment is already largely delivered.",Lifecycle support and managed services (Moderate),,Bristol Myers Squibb (company site) 2026 https://www.bms.com/life-and-science/insights/redefining-biologics-cell-therapy-manufacturing-at-devens.html [High] | Manufacturing Dive 2023-06 https://www.manufacturingdive.com/news/fda-bristol-myers-squibb-cell-therapy-facility-devens-massachusetts/653868/ [Medium],Facility predates the Jan 2024 scope window (FDA approval 2023) but included as a major existing site with a 2026 recognition event; no new 2024-2026 capital expansion identified at Devens itself in this research.
Bristol Myers Squibb,Syracuse biologics process development / scale-up site,East Syracuse,NY,43.0628,-76.0755,BROWNFIELD,biologics/mAbs,,,operational,,Monitor,"Existing BMS-owned biologics facility serving as the company's center of excellence for process development, scale-up and early product launch of biologic compounds. No specific new 2024-2026 capital project identified in this research.",Lifecycle support and managed services (Weak),,Bristol Myers Squibb (company site) n.d. https://www.bms.com/about-us/our-company/worldwide-facilities.html [Medium],"Town-level location (East Syracuse vs. Syracuse) not independently confirmed with certainty in this research; coordinates are approximate city-level for the Syracuse, NY area."
Bristol Myers Squibb,Manati biologics fill-finish facility,Manati,PR,18.4275,-66.4922,BROWNFIELD,biologics/mAbs; fill-finish/sterile injectables,,,operational,,Monitor,"BMS's only bioproduction facility in Puerto Rico, handling fill-and-finish for biologic products including Orencia (abatacept). A historical FDA warning letter was identified in search results, but the article's date could not be confirmed as current/recent.",Validation / CSV / data integrity (Weak),,Pharmaceutical Technology (trade press) date not confirmed https://www.pharmtech.com/view/fda-warns-bristol-myers-squibb-about-manati-facility [Low],No 2024-2026 capital project identified for this site in this research; included as a major existing footprint site per research scope. FDA warning-letter reference should be independently re-verified for currency before use in sales outreach.
AstraZeneca,Rivanna Futures manufacturing campus (Albemarle County / Charlottesville),Charlottesville,VA,38.0293,-78.4767,GREENFIELD,small molecule/API; GLP-1/peptides; biologics/mAbs,4500000000,600,under construction,2030,OPEN OPPORTUNITY,"Two new manufacturing plants at a new Rivanna Futures site near Charlottesville: one for small-molecule drug substance supporting AZ's metabolic/chronic-disease portfolio (oral GLP-1, baxdrostat, oral PCSK9, combination products), and a second for antibody-drug conjugates (ADCs) for oncology. Investment increased from an initial figure to $4.5B in October 2025 (adding $500M for expanded ADC/oncology capability); construction activity reported underway as of Oct 2025; operational expected in 'the next four to five years' (~2029-2030). AstraZeneca's own release states the site will leverage AI, automation and data analytics to optimize production — described as AZ's largest single manufacturing investment in the world.",SCADA / process control and automation (Strong) | MES implementation and integration (Strong) | Digitalization / Industry 4.0 (Strong),,AstraZeneca US newsroom 2025-10 https://www.astrazeneca-us.com/media/press-releases/2025/astrazeneca-plans-to-increase-investment-and-scope-of-its-virginia-manufacturing-facility-to-four-point-five-billion-creating-thirty-six-hundred-new-jobs.html [High] | Virginia Mercury 2025-07-22 https://virginiamercury.com/2025/07/22/astrazeneca-to-build-its-largest-ever-manufacturing-facility-in-virginia-creating-hundreds-of-jobs/ [Medium] | UVA Today (University of Virginia) 2025-07 https://news.virginia.edu/content/uva-poised-benefit-astrazenecas-new-albemarle-manufacturing-site [Medium],"600 direct highly-skilled jobs + ~3,000 construction jobs are together often reported as '3,600 new jobs.' Investment figure evolved from AZ's initial July 21, 2025 $50B national announcement to a confirmed $4.5B for this specific site in October 2025; treat $4.5B as the current headline figure."
AstraZeneca,Frederick biologics manufacturing expansion,Frederick,MD,39.4143,-77.4105,BROWNFIELD,biologics/mAbs,,200,announced,2029,OPEN OPPORTUNITY,"Expansion nearly doubling commercial biologics manufacturing capacity at AZ's existing flagship Frederick site and adding production across its rare-disease portfolio for the first time. Part of a combined $2B Maryland announcement (Nov 2025); targeted operational by 2029. AZ states the expansion will incorporate AI, automation and data analytics.",MES implementation and integration (Strong) | Digitalization / Industry 4.0 (Moderate),,Office of the Governor of Maryland 2025-11 https://governor.maryland.gov/news/press-releases/governor-moore-and-astrazeneca-announce-2-billion-investment-expand-manufacturing-maryland [High] | AstraZeneca US newsroom 2025-11 https://www.astrazeneca-us.com/media/press-releases/2025/AstraZeneca-plans-2-billion-manufacturing-investment-in-Maryland-supporting-2600-jobs-and-catalyzing-economic-growth.html [High] | Manufacturing Dive 2025-11 https://www.manufacturingdive.com/news/astrazeneca-invest-2b-maryland-expansion-frederick-gaithersburg-onshoring/806649/ [Medium],"The $2 billion figure covers both the Frederick expansion and the new Gaithersburg facility together; AstraZeneca has not publicly itemized a per-site dollar split, so investment_usd is left null here (see investment_display). 200 highly skilled jobs + 900 construction roles cited for Frederick specifically. Described as the largest private capital investment in Maryland in the last decade."
AstraZeneca,Gaithersburg clinical manufacturing facility,Gaithersburg,MD,39.1434,-77.2014,BROWNFIELD,biologics/mAbs,,100,announced,2029,OPEN OPPORTUNITY,"New clinical-supply manufacturing facility for development and clinical-trial supply of AZ molecules, expected to break ground as part of the combined $2B Maryland announcement (Nov 2025), fully operational by 2029. Public detail on exact modality/scope beyond 'clinical manufacturing' is limited.",MES implementation and integration (Moderate) | Validation / CSV / data integrity (Moderate),,Office of the Governor of Maryland 2025-11 https://governor.maryland.gov/news/press-releases/governor-moore-and-astrazeneca-announce-2-billion-investment-expand-manufacturing-maryland [High] | BioPharm International 2025-11 https://www.biopharminternational.com/view/what-a-2-billion-maryland-expansion-means-for-the-future-of-biologics-production [Medium],"100 new jobs + 400 retained roles + 1,000 construction-related jobs cited for Gaithersburg specifically. Classified BROWNFIELD given AstraZeneca's substantial existing Gaithersburg campus presence (legacy MedImmune R&D/clinical hub), though it is possible this is built on a previously undeveloped parcel within that campus — not fully confirmed."
AstraZeneca,Rockville cell therapy manufacturing facility,Rockville,MD,39.084,-77.1528,BROWNFIELD,cell & gene therapy,300000000,150,operational,,Closed/late,"AstraZeneca's CAR-T cell-therapy manufacturing facility at the Alexandria Center for Life Science - Shady Grove campus in Rockville, MD, opened May 2025 (~$300M investment, 150+ jobs). As an already-opened facility, its initial automation/MES build is presumably complete.",Lifecycle support and managed services (Weak),,"Fierce Pharma 2025-05 https://www.fiercepharma.com/manufacturing/astrazeneca-opens-300m-cell-therapy-manufacturing-facility-maryland [Medium] | Montgomery County, MD (government) 2025-05 https://www.montgomerycountymd.gov/news/astrazeneca-opens-300-million-cell-therapy-manufacturing-facility-montgomery-county [High]","Located within a leased multi-tenant life-sciences building (Alexandria Center), not standalone new construction on undeveloped land, hence classified BROWNFIELD despite being a new capability for AstraZeneca at this address."
AstraZeneca,Newark manufacturing site,Newark,DE,39.6837,-75.7497,BROWNFIELD,devices/combination products; small molecule/API,,,operational,,Monitor,"AZ's large legacy site (~570,000 sq ft on ~145 acres), operating since 1971, described as an 'end-to-end production' facility; historically associated with respiratory inhaler (drug-device combination) and other formulated products. No specific new 2024-2026 capital project identified in this research.",Legacy system modernization and migration (Weak),,Delaware BioScience Association n.d. https://www.delawarebio.org/news/553268/AstraZeneca-Constantly-Improving-Manufacturing-Plant-in-Newark.htm [Medium],"Modality inference (combination products) based on general knowledge of Newark DE historically producing inhaled respiratory products; not independently confirmed with a current source in this research — Unverified, recommend direct confirmation of current product mix."
AstraZeneca,Mount Vernon continuous manufacturing site,Mount Vernon,IN,37.9314,-87.8983,BROWNFIELD,small molecule/API,,,operational,,OPEN OPPORTUNITY,"Existing AstraZeneca small-molecule manufacturing site named in AZ's July 21, 2025 $50 billion US announcement as gaining expanded continuous-manufacturing capability. AZ has not published a separate dollar figure, job count, or timeline specific to this site's expansion.",SCADA / process control and automation (Moderate),,AstraZeneca global newsroom 2025-07-21 https://www.astrazeneca.com/media-centre/press-releases/2025/astrazeneca-plans-to-invest-50bn-dollars-in-the-us.html [High] | Fierce Pharma 2025-07-21 https://www.fiercepharma.com/manufacturing/astrazeneca-plans-50b-investment-us-including-massive-plant-virginia [Medium],"Only a single-sentence mention of Mount Vernon found ('expand continuous manufacturing capabilities'); no dollar amount, job count or completion date has been disclosed for this specific site. Opportunity flagged OPEN given the explicit named expansion, but confidence in scope/timing is Low — recommend direct account verification before prioritizing."
AstraZeneca,Coppell specialty manufacturing site,Coppell,TX,32.9546,-97.015,BROWNFIELD,small molecule/API,,,operational,,OPEN OPPORTUNITY,"Existing AstraZeneca specialty manufacturing site named alongside Mount Vernon, IN in AZ's July 21, 2025 $50 billion US announcement as gaining expanded specialty-manufacturing capability, with no site-specific dollar figure, job count, or timeline disclosed publicly.",SCADA / process control and automation (Weak),,AstraZeneca global newsroom 2025-07-21 https://www.astrazeneca.com/media-centre/press-releases/2025/astrazeneca-plans-to-invest-50bn-dollars-in-the-us.html [High] | Fierce Pharma 2025-07-21 https://www.fiercepharma.com/manufacturing/astrazeneca-plans-50b-investment-us-including-massive-plant-virginia [Medium],"Minimal public detail found; exact current product/modality mix at Coppell not independently confirmed in this research — Unverified, recommend direct confirmation before prioritizing for outreach."
Novartis,"Durham, NC – Existing Gene Therapy (Zolgensma) Manufacturing Site",Durham,NC,35.994,-78.8986,BROWNFIELD,cell & gene therapy,,,operational,,OPEN OPPORTUNITY,"Existing commercial-scale AAV gene therapy manufacturing site (Zolgensma) being expanded as part of Novartis's NC flagship hub program. An active Novartis job posting for a Senior Automation Engineer at this site describes a plant-wide DeltaV DCS, Rockwell SCADA (building management system), and DeltaV MES environment, with process configuration executed across DeltaV DCS/MES and a custom formula-parameter-management system.",SCADA / process control and automation (Strong) | MES implementation and integration (Strong),DeltaV DCS/MES (Emerson); Rockwell SCADA (BMS),Novartis (company site) 2026 https://www.novartis.com/us-en/biologics-production-14TW-durham-north-carolina [High] | Novartis careers (via Magnit) 2026 https://directsource.magnitglobal.com/us/novartis/jobs/114467-automation-engineer-iii-upstream-media-durham-north-carolina [Medium] | Novartis newsroom 2025-11 https://www.novartis.com/us-en/news/media-releases/novartis-announces-plans-build-flagship-manufacturing-hub-north-carolina [High],Pre-existing site (predates 2024); included because it is being actively expanded under the NC flagship hub and shows live automation/MES hiring. Investment $ and jobs figures for this specific facility are not broken out separately from the combined $771M/700-job NC hub total (see separate Durham-new and Morrisville entries).
Novartis,"Durham, NC – New Biologics & Sterile Packaging Facilities (Pathway Triangle flagship hub)",Durham,NC,35.994,-78.8986,GREENFIELD,biologics/mAbs,771000000,700,under construction,2027,OPEN OPPORTUNITY,"New biologics manufacturing and sterile packaging facilities under construction at Novartis's NC flagship hub (""Pathway Triangle""), announced Nov 2025 and broken ground Dec 2025, part of the $23B US investment plan. Full automation/MES/SCADA stack is being designed and commissioned ahead of a 2027-2028 startup, providing end-to-end capability (API to final packaging) for oncology, immunology, neuroscience, and cardiovascular/renal/metabolic therapeutics.",SCADA / process control and automation (Strong) | MES implementation and integration (Strong) | Validation / CSV / data integrity (Strong),,Novartis newsroom 2025-12 https://www.novartis.com/us-en/news/media-releases/novartis-breaks-ground-flagship-manufacturing-hub-north-carolina [High] | Business Facilities Magazine 2026-04 https://businessfacilities.com/novartis-finalizes-23b-u-s-manufacturing-rd-expansion-plan/ [Medium] | BioSpace 2026-04 https://www.biospace.com/press-releases/novartis-finalizes-us-manufacturing-and-r-d-expansion-plan-with-seventh-new-facility [Medium],"Investment ($771M) and jobs (700 by 2030, plus 3,000+ indirect) figures are for the combined NC flagship hub (Durham new facilities + Durham expansion + Morrisville API facility), not solely this Durham entry -- do not double-count with the Morrisville entry below. Press describes this as 'a new site in Durham,' which is the basis for a GREENFIELD classification, though it may be contiguous with/adjacent to Novartis's existing Durham campus; treat project_type with some caution."
Novartis,"Morrisville, NC – New API / Small-Molecule Manufacturing Facility",Morrisville,NC,35.8235,-78.8256,GREENFIELD,small molecule/API,,,announced,,OPEN OPPORTUNITY,"56,200 sq ft new API manufacturing facility for solid-dosage products (tablets, capsules) and RNA therapeutics, announced April 2026 as the seventh and final facility confirmed under the $23B plan, sited adjacent to the Pathway Triangle flagship hub. Automation/MES stack not yet built as of announcement.",SCADA / process control and automation (Moderate) | MES implementation and integration (Moderate),,NC Biotechnology Center 2026-04 https://www.ncbiotech.org/news/novartis-adding-api-manufacturing-morrisville-site [High] | Pharma Manufacturing 2026-04 https://www.pharmamanufacturing.com/facilities/article/55374584/novartis-plans-new-active-pharmaceutical-ingredients-facility-in-north-carolina [Medium] | Novartis (company site) 2026 https://www.novartis.com/us-en/small-molecule-production-morrisville-north-carolina [High],"Facility-specific completion date, investment $, and job count are not separately disclosed as of Sept 2026; only the combined NC hub figures ($771M, 700 jobs, general 2027-2028 timeframe reported for the broader hub) are public, and it is unclear if this facility -- announced later, in April 2026 -- is included in that $771M figure or additive to it. expected_start left null rather than inferred. Facility also described as supporting 'RNA therapeutics,' which does not map cleanly onto the fixed modality list (tagged small molecule/API as closest fit)."
Novartis,"Indianapolis, IN – Radioligand Therapy (RLT) Manufacturing (Pluvicto/Lutathera)",Indianapolis,IN,39.7684,-86.1581,BROWNFIELD,small molecule/API,,,operational,,Monitor,"Existing and, per Novartis, largest and most advanced US radioligand therapy (RLT) manufacturing site, producing Pluvicto (lutetium Lu 177 vipivotide tetraxetan) and Lutathera; described as recently expanded, though the specific expansion completion date was not confirmed in sources reviewed.",Lifecycle support and managed services (Moderate),,Novartis newsroom 2024 https://www.novartis.com/us-en/news/media-releases/novartis-expands-production-pluvicto-addition-its-largest-and-most-advanced-radioligand-therapy-manufacturing-facility-indianapolis [High],"Existing/operating site, part of Novartis's core US RLT network referenced throughout the $23B plan materials. No new 2024-2030 capital project confirmed beyond the earlier capacity addition referenced in the source; classified Monitor pending further project news. RLT/radioligand therapy does not map cleanly onto the fixed modality list; tagged small molecule/API as closest fit (radiolabeled small-molecule/peptide ligand production), given the product is also fill-finished as a sterile injectable."
Novartis,"Millburn, NJ – Radioligand Therapy (RLT) Manufacturing",Millburn,NJ,40.7237,-74.3057,BROWNFIELD,small molecule/API,,,operational,,Monitor,"Existing Novartis US RLT manufacturing site, one of the original two US RLT sites (alongside Indianapolis) that predate the 2025-2026 RLT network expansion wave (Carlsbad, Winter Park, Denton).",Lifecycle support and managed services (Weak),,Pharma Manufacturing 2026 https://www.pharmamanufacturing.com/facilities/article/55367923/novartis-expands-radioligand-therapy-manufacturing-offers-scalable-blueprint [Medium],Included as part of the confirmed existing Novartis US RLT network cited alongside the newer FL/TX/CA sites; no specific new project identified for this site in the 2024-2030 window from sources reviewed. Low depth of sourcing for this specific site -- Unverified beyond its existence/role in the network.
Novartis,"Carlsbad, CA – New Radioligand Therapy (RLT) Manufacturing Facility",Carlsbad,CA,33.1581,-117.3506,GREENFIELD,small molecule/API,,,operational,2025,Closed/late,"New RLT manufacturing facility that opened November 2025 as part of the $23B US expansion plan, expanding Novartis's national RLT network. Since the facility is described as opened/operational, its initial automation and MES build-out is presumed already complete.",Lifecycle support and managed services (Moderate),,Novartis newsroom 2025-11 https://www.novartis.com/news/media-releases/novartis-opens-new-radioligand-therapy-manufacturing-facility-california-part-23b-us-expansion-plan [High],"Specific investment $ and job count for this facility were not disclosed in sources reviewed. Classified Closed/late because the facility is already operational as of the opening announcement, implying its initial automation/MES scope has likely already been awarded/delivered; flagged nonetheless given recency."
Novartis,"Winter Park, FL – New Radioligand Therapy (RLT) Manufacturing Facility",Winter Park,FL,28.5999,-81.3392,GREENFIELD,small molecule/API,,,announced,2029,OPEN OPPORTUNITY,"35,000 sq ft new RLT manufacturing facility announced January 2026 -- Novartis's fourth US RLT site -- targeted for completion in 2029 to serve patients across the southeastern US. Automation/SCADA/MES design phase not yet underway per public information as of the announcement.",SCADA / process control and automation (Strong) | Validation / CSV / data integrity (Moderate),,Novartis newsroom 2026-01 https://www.novartis.com/news/media-releases/novartis-add-radioligand-therapy-manufacturing-facility-winter-park-florida-fourth-us-serve-patients-and-advance-23-billion-investment [High],"Investment $ and job figures specific to this facility were not disclosed in sources reviewed; only square footage (35,000 sq ft) and the 2029 completion target were confirmed."
Novartis,"Denton, TX – New Radioligand Therapy (RLT) Manufacturing Facility",Denton,TX,33.2148,-97.1331,GREENFIELD,small molecule/API,,,under construction,,OPEN OPPORTUNITY,"46,000 sq ft RLT manufacturing facility -- Novartis's first Texas site and fifth US RLT facility overall; groundbreaking occurred May 2026 as part of the $23B plan. Automation/controls build-out is beginning alongside civil construction, and Novartis has publicly framed its RLT network expansion as a repeatable 'scalable blueprint' across sites.",SCADA / process control and automation (Strong) | Digitalization / Industry 4.0 (Moderate),,Novartis newsroom 2026-05 https://www.novartis.com/us-en/news/media-releases/novartis-breaks-ground-denton-texas-radioligand-therapy-site-construction-now-underway-across-all-new-us-facilities [High] | European Pharmaceutical Review 2026 https://www.europeanpharmaceuticalreview.com/news/novartis-to-site-fifth-radioligand-therapy-manufacturing-facility-in-texas/1131693.article [Medium],"Completion/operational date not specified in sources reviewed as of Sept 2026; only groundbreaking (May 2026) is confirmed, so expected_start is left null rather than inferred."
Novo Nordisk,"Clayton, NC – Existing API & Fill/Finish Manufacturing Campus",Clayton,NC,35.644,-78.4561,BROWNFIELD,GLP-1/peptides; fill-finish/sterile injectables,,2500,operational,,Monitor,"Existing Novo Nordisk Clayton, NC campus comprising an 825,000 sq ft API facility (fermentation, recovery, purification) and fill/finish/packaging operations supporting diabetes and obesity (GLP-1) products; approximately 2,500 employees pre-expansion. Multiple concurrent Novo Nordisk job postings for Automation Engineer I/II/III roles at Clayton reference a mixed SCADA environment (iFIX, Ignition, FactoryTalk), Rockwell/Siemens PLC-HMI, PAS-X MES, SAP EM, historian, and Oracle/MS SQL databases -- indicating continuous OT/automation project activity on the existing campus.",SCADA / process control and automation (Strong) | MES implementation and integration (Strong) | Legacy system modernization and migration (Moderate),"MES: PAS-X (Korber); SCADA: GE iFIX, Inductive Automation Ignition, Rockwell FactoryTalk; PLC/HMI: Rockwell/Allen-Bradley, Siemens; ERP execution: SAP EM","Fluor (EPC contractor) 2024 https://www.fluor.com/projects/novo-nordisk-manufacturing-facility [Medium] | NC Biotechnology Center directory 2025 https://directory.ncbiotech.org/company/novo-nordisk-pharmaceutical-industries-lp-api-facility [Medium] | Novo Nordisk careers (via ZipRecruiter) 2026 https://www.ziprecruiter.com/co/novo-nordisk/Jobs/Automation-Engineer/-in-Clayton,NC [Medium]","Existing-site aggregation covering the pre-2024 API and fill/finish buildings only; the new third fill/finish building ($4.1B) is captured as a separate entry below to avoid double-counting. Employee count (2,500) is the pre-expansion baseline cited alongside the 2024 expansion announcement."
Novo Nordisk,"Clayton, NC – New Fill/Finish Facility ($4.1B expansion)",Clayton,NC,35.644,-78.4561,GREENFIELD,GLP-1/peptides; fill-finish/sterile injectables,4100000000,1000,under construction,2027,OPEN OPPORTUNITY,"New fill/finish facility announced June 24, 2024, adding roughly 1.4 million sq ft of production space (production area cited as approximately 40,000 sqm) and 1,000 jobs on top of the 2,500 already employed at Clayton, to expand aseptic/finished GLP-1 (Ozempic/Wegovy) production capacity. Full automation/MES/SCADA stack is being designed and commissioned for a 2027-2029 startup window.",SCADA / process control and automation (Strong) | MES implementation and integration (Strong) | Validation / CSV / data integrity (Strong),,BioPharm International 2024-06 https://www.biopharminternational.com/view/novo-nordisk-targets-4-1-billion-expansion-of-us-manufacturing-capacity [Medium] | NC Biotechnology Center 2024-06 https://www.ncbiotech.org/news/novo-nordisk-plans-41b-johnston-co-expansion [High] | Pharma Manufacturing 2025 https://www.pharmamanufacturing.com/industry-news/news/55266180/novo-nordisk-to-spend-about-9-billion-in-2025-to-create-additional-capacity [Medium] | Novo Nordisk A/S Form 20-F (SEC) 2026 https://www.sec.gov/Archives/edgar/data/353278/000035327826000012/nvo-20251231.htm [High],"Investment reported as $4.1B headline (approximately DKK 8.5 billion per company disclosure specific to the NC facility); completion timing reported inconsistently across sources as 'fully operational during 2027' in one source versus '2027-2029' (construction completion window) in another -- headline year of 2027 used for expected_start, range noted here. Announced June 24, 2024; located in Johnston County, NC."
Novo Nordisk,"Bloomington, IN – Fill/Finish Facility (ex-Catalent, acquired by Novo Nordisk)",Bloomington,IN,39.1653,-86.5264,BROWNFIELD,fill-finish/sterile injectables; GLP-1/peptides,,,operational,,OPEN OPPORTUNITY,"Former Catalent sterile fill-finish site (pen/injectable fill-finish, including devices/combination-product assembly) acquired by Novo Nordisk following Novo Holdings' $16.5B Catalent acquisition (closed Dec 2024) and subsequent divestiture of three Catalent fill-finish sites to Novo Nordisk in 2025, adding GLP-1 pen/injectable capacity 'at scale and speed.' The site has faced escalating FDA compliance actions through 2026: a Warning Letter (Novo Nordisk publicly acknowledged one on March 5-10, 2026; FDA.gov separately lists a Nov 20, 2025 warning letter to 'Catalent Indiana, LLC' at this site), followed by an April 2026 re-inspection classified Official Action Indicated (OAI) and a Form 483 citing 8 observations, including recurring particulate contamination (e.g., mammalian hair) and repeated aseptic-processing/water-leakage events that continued despite prior corrective actions and root-cause investigations.",Validation / CSV / data integrity (Strong) | Legacy system modernization and migration (Strong) | Lifecycle support and managed services (Moderate),,Pharma Manufacturing 2026 https://www.pharmamanufacturing.com/compliance/article/55396759/fda-classifies-re-inspection-of-novo-nordisks-indiana-site-as-official-action-indicated [Medium] | Pharma Manufacturing 2026 https://www.pharmamanufacturing.com/compliance/article/55382580/novo-nordisks-troubled-indiana-site-hit-with-form-483-following-fda-re-inspection [Medium] | FDA.gov (Warning Letters database) 2025-11-20 https://www.fda.gov/inspections-compliance-enforcement-and-criminal-investigations/warning-letters/catalent-indiana-llc-718189-11202025 [High] | PharmExec 2026-03 https://www.pharmexec.com/view/novo-nordisk-responds-fda-warning-letter-2025-pade-inspection [Medium] | Catalent 2025 https://www.catalent.com/media-advisories/catalent-clarifies-novo-nordisk-ownership-of-former-bloomington-indiana-site/ [High],"High-value, high-risk signal: a Catalent-legacy site now under Novo Nordisk ownership facing significant FDA compliance escalation through 2026 (Warning Letter -> OAI re-inspection -> Form 483, 8 observations). Confidence Medium-High overall (multiple corroborating trade-press sources plus a direct FDA.gov listing), but the exact chronology/relationship between the Nov 2025 FDA.gov warning letter (addressed to 'Catalent Indiana, LLC') and the March 2026 warning letter Novo Nordisk publicly acknowledged is Unverified -- sources reviewed do not fully reconcile whether these are the same action reported at different times or two sequential actions. Investment $ specific to this site is not separately disclosed from the $16.5B total Catalent transaction."
Moderna,"Norwood, MA – Moderna Technology Center (MTC), Main Manufacturing Campus",Norwood,MA,42.1928,-71.1995,BROWNFIELD,mRNA/vaccines,,,operational,,Monitor,"Approximately 722,000 sq ft MTC campus (three buildings: MTC South, MTC North, MTC East), Moderna's primary US mRNA drug-substance manufacturing site; ownership of land and buildings converted from leased to owned in December 2024. The site runs a natively digital, highly automated manufacturing process built on AWS, producing 100+ cGMP batches per year. Public/industry sourcing indicates an MES environment including Syncade and Apprentice Tempo, SCADA on the AVEVA (Wonderware) platform, Emerson DeltaV automation, and an AVEVA PI historian.",Digitalization / Industry 4.0 (Moderate) | Lifecycle support and managed services (Moderate),MES: Syncade (Emerson) and Apprentice Tempo; SCADA: AVEVA (Wonderware) platform; DCS/automation: Emerson DeltaV; Historian: AVEVA PI System; Cloud: AWS,"Moderna, Inc. Form 10-K FY2025 (SEC) 2026 https://www.sec.gov/Archives/edgar/data/1682852/000168285226000033/mrna-20251231.htm [High] | Moderna careers (via Ladders) 2026 https://www.theladders.com/job/engineer-i-manufacturing-execution-systems-modernainc-norwood-ma_85864390 [Medium] | LinkedIn industry analysis (Bill Lydon) 2024 https://www.linkedin.com/pulse/moderna-native-digital-process-automation-built-amazon-bill-lydon [Low]","Core existing site predating 2024; included to capture Moderna's major US footprint per task instructions. Ownership transition (leased to owned) completed Dec 2024 per 10-K is itself a capital event. Vendor detail (AWS/Emerson/AVEVA/Syncade/Apprentice Tempo) is partly sourced from a LinkedIn industry-analysis article (Low confidence on its own) corroborated by an MES-engineer job posting naming Moderna/Norwood (Medium confidence) -- treat specific vendor names as Medium confidence overall, Unverified in full detail."
Moderna,"Norwood, MA – New Drug Product (Fill-Finish) Manufacturing Expansion",Norwood,MA,42.1928,-71.1995,BROWNFIELD,fill-finish/sterile injectables; mRNA/vaccines,140000000,,under construction,2027,OPEN OPPORTUNITY,"New Drug Product (fill-finish) manufacturing capability at the existing Norwood, MA campus, announced November 2025 ($140M investment), onshoring a production stage Moderna previously outsourced to external fill-finish partners and enabling full end-to-end US mRNA manufacturing under one roof. Construction is underway with completion targeted for the first half of 2027.",SCADA / process control and automation (Strong) | MES implementation and integration (Strong) | Validation / CSV / data integrity (Moderate),,"PharmExec 2025-11 https://www.pharmexec.com/view/moderna-investing-140-million-massachusetts-manufacturing-facility [Medium] | Fierce Pharma 2025-11 https://www.fiercepharma.com/manufacturing/moderna-will-spend-140m-build-new-us-manufacturing-facility [Medium] | BioSpace (Moderna press release) 2025-11 https://www.biospace.com/press-releases/moderna-expands-u-s-manufacturing-with-onshoring-of-drug-product-capabilities [High] | Moderna, Inc. 8-K exhibit / Analyst Day materials (SEC) 2025 https://www.sec.gov/Archives/edgar/data/1682852/000162828025053318/exhibit9912025analystday.htm [High]","Job creation described qualitatively in company materials as 'hundreds of skilled biomanufacturing jobs'; no specific headcount figure found in sources reviewed, so jobs is left null rather than estimated. Announced November 2025."
Moderna,"Marlborough, MA – Individualized Neoantigen Therapy (Cancer Vaccine) Manufacturing Facility",Marlborough,MA,42.3459,-71.5523,GREENFIELD,mRNA/vaccines,322000000,,commissioning,,OPEN OPPORTUNITY,"60,000 sq ft purpose-built facility for Moderna's individualized neoantigen therapy (intismeran autogene / mRNA-4157), co-developed with Merck as an adjuvant therapy (in combination with Keytruda) in Phase III trials for melanoma. Designed for speed and scalability with advanced automation and robotics to manufacture patient-specific batches in parallel, with a typical turnaround of a few weeks per batch. Began clinical batch supply September 2025; the company describes 'methodically right-sizing' the manufacturing process to improve turnaround time and reduce cost ahead of commercial launch.",Digitalization / Industry 4.0 (Strong) | MES implementation and integration (Strong) | Validation / CSV / data integrity (Strong),,"Fierce Pharma 2025 https://www.fiercepharma.com/pharma/amid-contract-manufacturing-wind-down-moderna-telegraphs-commercial-build-out-its-merck [Medium] | Moderna, Inc. 8-K exhibit / Analyst Day materials (SEC) 2025 https://www.sec.gov/Archives/edgar/data/1682852/000162828025053318/exhibit9912025analystday.htm [High] | Boston Globe 2026-08-19 https://www.bostonglobe.com/2026/08/19/business/moderna-cancer-vaccine-results/ [Medium]","Commercial launch date is contingent on regulatory approval of intismeran (Phase III trials ongoing) and is not yet fixed; expected_start left null rather than inferred from trial timelines. Investment figure ($322M) and square footage (60,000 sq ft) are per Fierce Pharma trade-press reporting -- Medium confidence, not yet cross-verified against a Moderna primary-source figure in the searches performed. Modality tagged mRNA/vaccines as the closest fixed-list fit; note this is a personalized/individualized cancer therapy, adjacent to cell & gene therapy in nature."
Roche (incl. Genentech),Genentech Holly Springs Manufacturing Facility,Holly Springs,NC,35.65,-78.83,GREENFIELD,GLP-1/peptides,2000000000,,under construction,2029,OPEN OPPORTUNITY,"Genentech's first East Coast manufacturing facility: a greenfield plant for next-generation metabolic/obesity treatments (e.g., peptide therapeutics), which broke ground August 25, 2025 with commercial operations targeted for 2029, meaning the full automation/MES/SCADA stack is still to be designed and installed.",SCADA / process control and automation (Strong) | MES implementation and integration (Strong) | Validation / CSV / data integrity (Strong),,Roche (press release) 2025-08-25 https://www.roche.com/media/releases/med-cor-2025-08-25 [High] | Genentech (press release) 2026-01-20 https://www.gene.com/media/press-releases/15096/2026-01-20/genentech-more-than-doubles-investment-i [High] | Pharmaceutical Technology 2025 https://www.pharmtech.com/view/genentech-and-roche-expand-us-footprint-with-new-north-carolina-manufacturing-facility [Medium],"Initial investment of >$700M announced May 12, 2025; increased to ~$2B per the Jan 20, 2026 Genentech release. Exact jobs figure for this specific site not found in sources reviewed (Roche's overall $50B plan cites 12,000+ jobs across all projects) — set to null."
Roche (incl. Genentech),Genentech Hillsboro Device Fill-Finish Facility,Hillsboro,OR,45.52,-122.98,BROWNFIELD,fill-finish/sterile injectables; devices/combination products,750000000,250,announced,2031,OPEN OPPORTUNITY,"New device fill-finish facility for pre-filled syringes and autoinjectors, to be built at Genentech's existing 75-acre Hillsboro campus; announced August 2026 with commercial operations targeted for 2031, so automation/MES/SCADA design has not yet begun.",SCADA / process control and automation (Strong) | MES implementation and integration (Moderate),,BioSpace (Roche press release syndication) 2026-08-20 https://www.biospace.com/press-releases/roches-us-subsidiary-genentech-announces-manufacturing-expansion-in-the-united-states [High] | Nasdaq (press release syndication) 2026-08-20 https://www.nasdaq.com/press-release/roches-us-subsidiary-genentech-announces-manufacturing-expansion-united-states-2026 [High],~200 additional construction jobs also expected. Part of Roche's broader April 2025 $50B US commitment. This is the most recently announced project in this dataset (one month before research date).
Roche (incl. Genentech),Genentech Oceanside Biologics Manufacturing Facility (New Building),Oceanside,CA,33.2,-117.38,BROWNFIELD,biologics/mAbs; fill-finish/sterile injectables,450000000,150,operational,2025,Monitor,"New modular biologics manufacturing building (60-acre lot on Antibody Way) at Genentech's existing Oceanside, CA campus, designed for simultaneous production of multiple medicines using digital manufacturing technology; targeted to become operational in early 2025.",Lifecycle support and managed services (Moderate),,Fierce Pharma 2024 https://www.fiercepharma.com/manufacturing/genentechs-new-oceanside-biologics-plant-serve-launch-facility-future-approvals [Medium] | Pharmaceutical Technology 2024 https://www.pharmaceutical-technology.com/projects/genentechs-biologics-manufacturing-facility-oceanside-california-usa/ [Medium],"Described in press coverage as harnessing 'transformational digital technologies,' suggesting automation/MES scope was largely awarded/delivered during construction — hence Monitor rather than Open Opportunity. Exact operational date beyond 'early 2025' target is Unverified."
Roche (incl. Genentech),Roche Diagnostics Indianapolis CGM Manufacturing Expansion,Indianapolis,IN,39.77,-86.16,BROWNFIELD,devices/combination products,550000000,,announced,2028,OPEN OPPORTUNITY,"Expansion of Roche's large existing Indianapolis diagnostics campus (R&D, manufacturing, distribution, IT, admin; ~5.2B Accu-Chek test strips/year) to add continuous glucose monitor (CGM) production and prepare for future sensor generations; announced May 12, 2025.",SCADA / process control and automation (Moderate) | Legacy system modernization and migration (Moderate),,Roche Diagnostics (press release) 2025-05-12 https://diagnostics.roche.com/us/en/news-listing/2025/roche-announces-550-million-investment-to-expand-its-indianapolis-diagnostics-manufacturing-hub.html [High] | MedTech Dive 2025 https://www.medtechdive.com/news/roche-manufacturing-indiana-cgm/747809/ [Medium],"This is Roche's Diagnostics Division, not Pharmaceuticals; included because it was explicitly named within Roche's April 2025 $50B pharma+diagnostics US commitment and represents a device-manufacturing automation opportunity. Jobs reported only qualitatively ('several hundred permanent,' 'thousands' of temporary construction) — set to null rather than estimated. Expected start of 2028 is an approximation based on 'production within three years' language in the May 2025 announcement (Unverified exact date)."
Johnson & Johnson Innovative Medicine,J&J Innovative Medicine Wilson Biologics Manufacturing Campus,Wilson,NC,35.72,-77.92,GREENFIELD,biologics/mAbs,2000000000,420,under construction,,OPEN OPPORTUNITY,"New greenfield biologics manufacturing campus in Wilson, NC announced October 2024 ($2B, 420 jobs) — J&J Innovative Medicine's first manufacturing presence in Wilson County; full automation/MES/SCADA stack to be designed and built for new biologics production.",SCADA / process control and automation (Strong) | MES implementation and integration (Strong),,Manufacturing Dive 2024-10 https://www.manufacturingdive.com/news/jj-two-multi-billion-dollar-us-plants-north-carolina-pennsylvania/809428/ [Medium] | Southern Economic Development Council 2026-01 https://www.sedc.org/news/johnson-and-johnson-building-another-multibillion-dollar-facility-in-wilson-county-nc [Medium],Announced October 2024. 'Under construction' status is inferred from the ~2-year gap to today's date and from later coverage referring to this as an active first project when announcing a second Wilson facility; not independently confirmed via a groundbreaking report in sources reviewed. Expected commercial start date not found in sources reviewed (null).
Johnson & Johnson Innovative Medicine,J&J Innovative Medicine Wilson Drug Product Manufacturing Facility (Phase 2),Wilson,NC,35.72,-77.92,GREENFIELD,biologics/mAbs; fill-finish/sterile injectables,2000000000,500,announced,,OPEN OPPORTUNITY,"Second major J&J facility in Wilson County, announced January 9, 2026, for drug-product manufacturing of oncology and neurological medicines. NC has committed an expected $12M legislative appropriation to expand training capacity at Wilson Community College, signaling workforce build-out ahead of a facility not yet under construction.",SCADA / process control and automation (Strong) | MES implementation and integration (Strong),,NC Dept. of Commerce (Governor's office announcement) 2026-01-09 https://www.commerce.nc.gov/news/press-releases/2026/01/09/governor-stein-announces-johnson-johnson-will-build-second-major-facility-wilson-county [High] | PharmExec 2026-01 https://www.pharmexec.com/view/johnson-johnson-second-2-billion-manufacturing-facility-north-carolina [Medium],"Jobs figure of 'up to 500' is consistent across the large majority of sources (Fox Business, Hoodline, JoCo Report, NC Commerce); one aggregated summary cited '5,000 jobs' but this appears to conflate this project with J&J's total nationwide job commitment — 500 is used here as the corroborated figure. Exact site address/land status and timeline not found in sources reviewed (Unverified whether adjacent to the Oct 2024 campus)."
Johnson & Johnson Innovative Medicine,J&J Dedicated Facility at FUJIFILM Diosynth Holly Springs,Holly Springs,NC,35.65,-78.83,BROWNFIELD,biologics/mAbs,2000000000,120,announced,,OPEN OPPORTUNITY,"160,000+ sq ft dedicated J&J biologics manufacturing facility to be built within FUJIFILM Diosynth Biotechnologies' existing Holly Springs, NC CDMO campus, announced August 2025, with a $2B commitment over 10 years.",MES implementation and integration (Moderate),,Johnson & Johnson (press release) 2025-08 https://www.jnj.com/media-center/press-releases/johnson-johnson-continues-u-s-investment-with-2-billion-commitment-to-enable-manufacturing-at-state-of-the-art-north-carolina-facility [High],"Site is within FUJIFILM Diosynth Biotechnologies' existing campus, not a standalone J&J-owned site — this affects who controls the automation/MES vendor decision; flagged for further diligence on FDB vs. J&J procurement authority."
Johnson & Johnson Innovative Medicine,J&J Next-Generation Cell Therapy Manufacturing Facility (Spring House),Lower Gwynedd Township (Spring House),PA,40.17,-75.24,BROWNFIELD,cell & gene therapy,1000000000,500,announced,,OPEN OPPORTUNITY,"New next-generation cell therapy manufacturing facility at J&J's existing Spring House campus in Montgomery County, PA, announced February 2026; to be operated by Janssen Biotech, with 500+ biomanufacturing jobs and 4,000+ construction jobs expected.",SCADA / process control and automation (Strong) | MES implementation and integration (Strong) | Validation / CSV / data integrity (Strong),,Johnson & Johnson (press release) 2026-02 https://www.jnj.com/media-center/press-releases/johnson-johnson-expands-u-s-footprint-with-more-than-1-billion-investment-in-next-generation-cell-therapy-manufacturing-facility-in-pennsylvania [High] | Pennsylvania Governor's Office 2026-02 https://www.pa.gov/governor/newsroom/2026-press-releases/gov-shapiro-secures--1-billion-investment-from-j-j-to-build-new- [High],Located at/adjacent to J&J's existing Spring House R&D campus in Lower Gwynedd Township; classified BROWNFIELD as an addition to an existing corporate campus even though described as an entirely new manufacturing building.
Johnson & Johnson Innovative Medicine,J&J / Legend Biotech Raritan Carvykti CAR-T Manufacturing Facility,Raritan,NJ,40.57,-74.64,BROWNFIELD,cell & gene therapy,500000000,,operational,,OPEN OPPORTUNITY,"Existing commercial CAR-T (Carvykti) manufacturing site for the J&J/Legend Biotech collaboration; investment doubled to a cumulative $500M to expand capacity amid strong demand and prior supply constraints, alongside capacity from J&J/Legend's Ghent, Belgium (Obelisc) site and third-party supply from Novartis's Morris Plains, NJ facility.",Legacy system modernization and migration (Moderate) | MES implementation and integration (Moderate),,Fierce Pharma 2024 https://www.fiercepharma.com/manufacturing/legend-jj-double-down-car-t-manufacturing-500m-carvykti-eyes-wider-myeloma-use [Medium],Investment/timeline detail is limited to trade press (no primary J&J/Legend press release reviewed) — recommend verifying the $500M cumulative figure and exact expansion timeline against a primary source. Jobs figure not found in sources reviewed.
Johnson & Johnson Innovative Medicine,J&J Innovative Medicine Puerto Rico Manufacturing Operations (Gurabo / Manati / San Lorenzo),Gurabo,PR,18.25,-65.98,BROWNFIELD,small molecule/API; oral solid dose,,,operational,,Monitor,"Long-standing J&J Innovative Medicine (Janssen) small-molecule manufacturing operations in Puerto Rico (two plants in Gurabo, one each in Manati and San Lorenzo) producing medicines including Xarelto, Nucynta ER, and historically Prezista. No 2024-2026 capital project identified for these Innovative Medicine plants specifically in sources reviewed.",,,Fierce Pharma 2012 (historical) https://www.fiercepharma.com/supply-chain/j-j-investing-225-million-4-puerto-rico-plants [Low],"Existing-footprint entry based on older (2012) investment data; no 2024-2026 capital activity confirmed for these specific Innovative Medicine plants in sources reviewed, hence Monitor status and null investment figure. A separate 2024 $168M investment at Manati was J&J MedTech (Ethicon), a different J&J division out of scope per task instructions, and is excluded here. Current production mix at each named plant is Unverified/may have changed since 2012."
Sanofi,Sanofi Pasteur Swiftwater Vaccines Manufacturing Campus,Swiftwater,PA,41.06,-75.2,BROWNFIELD,mRNA/vaccines; fill-finish/sterile injectables,900000000,,under construction,,OPEN OPPORTUNITY,"Continuous modernization of Sanofi's flu/pandemic-vaccine campus (~42% of all US flu vaccine doses), including a BARDA-partnered pandemic-flu formulation/filling facility (construction completed early 2026) and a new recombinant drug-substance facility that received FDA approval in January 2026; a 2026 Pennsylvania RISE grant is also funding replacement of natural-gas-fired egg-waste dehydrators for decarbonization — active brownfield construction/commissioning across multiple sub-projects.",SCADA / process control and automation (Strong) | Legacy system modernization and migration (Moderate),,Fierce Pharma 2023-2024 https://www.fiercepharma.com/manufacturing/sanofi-barda-break-ground-another-flu-shot-plant-swiftwater-pa-campus [Medium] | Pennsylvania Dept. of Environmental Protection 2026-06-26 https://www.pa.gov/agencies/dep/newsroom/2026-06-26-governor-shapiro-announces-new-rise-pa-grant-for-sanofi-pasteur [High],"$900M figure is cumulative campus investment since 2020 (Sanofi + federal/BARDA funding combined), not a single discrete project — treat investment_usd as an approximate cumulative total. RISE PA grant amount reported as $10.6M in one source and $10.65M in another (Unverified exact figure); ~40 jobs tied specifically to the dehydrator-replacement sub-project. FDA approval date for the recombinant drug-substance facility reported as 'January 2026' in secondary coverage — recommend verifying against a primary FDA/Sanofi source."
Sanofi,Sanofi Genzyme Framingham Biologics Manufacturing Facility,Framingham,MA,42.28,-71.42,BROWNFIELD,biologics/mAbs,,,operational,,OPEN OPPORTUNITY,"Existing ~100,000 sq ft continuous-manufacturing biologics facility (Sanofi Genzyme specialty care: MS, cancer, blood disorders). Cited in a January 15, 2025 FDA warning letter for significant CGMP deviations in API manufacturing, including a 20% bioreactor batch-rejection rate (Jan 2022-Jul 2024) and failure to adequately investigate critical deviations (contamination events, in-process high-pressure events); also named for 'major improvements' under Sanofi's May 2025 $20B US investment plan.",Validation / CSV / data integrity (Strong) | Digitalization / Industry 4.0 (Moderate),,"RAPS (Regulatory Affairs Professionals Society) 2025-01 https://www.raps.org/resource/sanofi-issued-warning-letter-for-genzyme-cgmp-fail.html [Medium] | BioPharm International 2025-01 https://www.biopharminternational.com/view/fda-issues-warning-sanofi-api-cgmp-deviations-clinical-hold-atara-immunotherapies [Medium] | Sanofi US Newsroom (press release) 2025-05-14 https://www.news.sanofi.us/2025-05-14-Sanofi-to-invest-at-least-20-billion-in-the-US-through-2030,-growing-investments-in-science-and-expanding-domestic-manufacturing [High]","No specific dollar figure or timeline found for the Framingham-specific 'major improvements' referenced in the $20B plan — treated as directional, not a discrete project. FDA warning letter amends/replaces an earlier Dec 16, 2024 letter; underlying inspection window was June 12-July 9, 2024. This is a strong evidence-based opportunity despite the lack of a named capital project figure."
Biogen,Research Triangle Park (RTP) Manufacturing Campuses,Research Triangle Park,NC,35.899,-78.858,BROWNFIELD,biologics/mAbs; fill-finish/sterile injectables; oral solid dose,2000000000,,under construction,,OPEN OPPORTUNITY,"The $2B multi-year program (announced July 21, 2025, Biogen's 30th anniversary in the region) covers expansion of antisense oligonucleotide (ASO) capabilities/infrastructure, new multi-platform clinical-and-commercial fill-finish capacity, and -- per Biogen's own release -- modernizing 'manufacturing technologies and controls through further advanced automation and artificial intelligence.' An eighth factory came online across the two RTP campuses in H2 2025. RTP already runs Emerson DeltaV DCS and Syncade MES (per Biogen job postings for the 'RTP Bio Automation & MES' team, which explicitly supports 'large-scale capital and improvement projects'), so near-term scope likely includes DeltaV/Syncade extension to new fill-finish lines, new OT data/AI analytics layers, and controls modernization on legacy lines.",SCADA / process control and automation (Strong) | MES implementation and integration (Strong) | Digitalization / Industry 4.0 (Moderate) | Validation / CSV / data integrity (Moderate),"Emerson DeltaV (DCS) and Syncade (MES), per multiple current Biogen RTP job postings","Biogen (via GlobeNewswire) 2025-07-21 https://www.globenewswire.com/news-release/2025/07/21/3118627/0/en/Biogen-Announces-2-Billion-Manufacturing-Investment-in-North-Carolina-s-Research-Triangle-Park-in-Conjunction-with-its-30th-Anniversary.html [High] | North Carolina Biotechnology Center 2025-07 https://www.ncbiotech.org/news/biogen-adding-2-billion-its-rtp-manufacturing-campus [High] | Fierce Pharma 2025-07 https://www.fiercepharma.com/manufacturing/biogen-ups-its-ante-north-carolina-pledging-2b-manufacturing-investment [Medium] | Research Triangle Park (RTP.org) 2025-07 https://www.rtp.org/2025/07/biogen-announces-investment-in-rtp/ [Medium] | Biogen careers (job posting, aggregator) 2026 https://mygwork.com/jobs/biogen-sr-engineer-i-automation-deltav-and-syncade-6275027 [Medium]","No specific new-jobs figure was disclosed for the $2B program itself; existing RTP workforce was reported as 1,500+ manufacturing/technical employees plus 400+ skilled contractors as of July 2025. ASO products (e.g., QALSODY) do not map cleanly onto the fixed modality list; classified under biologics/mAbs as the nearest fit. Company states the investment spans 'the next three years' from the July 2025 announcement (implying completion around 2028), but no specific completion year was disclosed, so expected_start is left null rather than inferred. Two physically separate campuses (Wake County and Durham County) are consolidated into one site entry since the investment and job postings describe them as one integrated program without separately reported per-campus figures."
Regeneron,Rensselaer Manufacturing Campus (incl. new Fill/Finish Facility),Rensselaer,NY,42.6512,-73.7351,BROWNFIELD,biologics/mAbs; fill-finish/sterile injectables,,,commissioning,,OPEN OPPORTUNITY,"Regeneron's FY2024 10-K confirms a brand-new, state-of-the-art fill/finish manufacturing facility at the existing Rensselaer, NY campus (1.6M sq ft owned site also housing large-scale biologics drug substance, warehouse and lab space) is 'currently undergoing process validation and has yet to be approved for commercial production' -- i.e., in the commissioning/CSV window where MES and batch-record configuration is finalized ahead of regulatory approval. A Regeneron job posting for a Rensselaer-based Automation Engineer calls out DeltaV DCS and PLC programming/troubleshooting as core responsibilities.",Validation / CSV / data integrity (Strong) | SCADA / process control and automation (Strong) | MES implementation and integration (Moderate),"Emerson DeltaV DCS (per Regeneron Rensselaer, NY automation engineering job posting)",Regeneron Pharmaceuticals 10-K FY2024 (SEC EDGAR) 2025-02 https://www.sec.gov/Archives/edgar/data/872589/000180422025000011/regn-20241231.htm [High] | Regeneron (via GlobeNewswire) 2025-04-22 https://www.globenewswire.com/news-release/2025/04/22/3065285/0/en/Regeneron-Announces-New-Investment-in-Manufacturing-of-its-Industry-Leading-Biologic-Medicines.html [High] | Regeneron careers via BioSpace (job posting) 2026 https://jobs.biospace.com/job/3072219/automation-engineer/?TrackID=22 [Medium],"Standalone dollar figure for the Rensselaer fill/finish facility specifically is not broken out in public sources; it is part of Regeneron's combined >$7B NY+NC 2025 investment program (Tarrytown's ~$3.6B is separately identified, so investment_usd is left null here rather than double-counted or estimated). Expected commercial-approval/start date not publicly disclosed."
Regeneron,Saratoga Springs Production Support / Manufacturing Facility,Saratoga Springs,NY,43.0831,-73.7846,BROWNFIELD,biologics/mAbs,2000000000,1000,under construction,,OPEN OPPORTUNITY,"Regeneron acquired an approximately 1-million-sq-ft former magazine-printing facility in Saratoga Springs, NY in 2024 and, per its FY2024 10-K, is 'in the process of designing and developing' it for production support activities and potential additional biologics manufacturing capacity. New York Governor Hochul / Empire State Development announced Regeneron will invest more than $2 billion and create 1,000 new jobs at the site. As a full conversion of a non-pharma shell building into GMP production space, this implies a ground-up automation/MES/SCADA stack build.",SCADA / process control and automation (Strong) | MES implementation and integration (Strong) | Digitalization / Industry 4.0 (Moderate),,Empire State Development / Office of Governor Hochul 2025-04 https://esd.ny.gov/esd-media-center/press-releases/governor-hochul-announces-regeneron-invest-more-2-billion-saratoga [High] | Pharma Manufacturing 2025-04 https://www.pharmamanufacturing.com/facilities/article/55331218/regeneron-to-invest-2b-in-former-printing-facility-in-upstate-new-york [Medium] | Fierce Pharma 2025-04 https://www.fiercepharma.com/manufacturing/regeneron-pours-2b-saratoga-springs-plant-acquired-recent-onshoring-push [Medium] | Regeneron Pharmaceuticals 10-K FY2024 (SEC EDGAR) 2025-02 https://www.sec.gov/Archives/edgar/data/872589/000180422025000011/regn-20241231.htm [High],"Property use is described as 'production support activities and, potentially, additional manufacturing capacity' -- exact manufacturing modality not fully confirmed by Regeneron; biologics/mAbs assumed as nearest fit to the company's core business. Classified BROWNFIELD per project rules because it is adaptive reuse of an acquired existing building, not new construction on undeveloped land. Expected operational date not publicly disclosed."
Regeneron,"Tarrytown Campus Expansion (HQ, R&D, Preclinical Manufacturing & Support)",Tarrytown,NY,41.0762,-73.8593,BROWNFIELD,biologics/mAbs,3600000000,1000,under construction,,OPEN OPPORTUNITY,"An approximately $3.6 billion expansion of Regeneron's leased Tarrytown, NY headquarters campus is underway (announced April 22, 2025), creating 1,000 full-time high-skill jobs and expanding research, preclinical manufacturing, and support facilities; Regeneron also owns an adjacent ~100-acre parcel being developed for the same purpose per its 10-K. This is explicitly framed as research/preclinical/support space rather than commercial GMP production.",Digitalization / Industry 4.0 (Weak),,Regeneron (via GlobeNewswire) 2025-04-22 https://www.globenewswire.com/news-release/2025/04/22/3065285/0/en/Regeneron-Announces-New-Investment-in-Manufacturing-of-its-Industry-Leading-Biologic-Medicines.html [High] | Westfair Communications 2025 https://westfaironline.com/construction/tarrytown-based-regeneron-to-invest-2b-in-upstate-expansion/ [Medium] | Regeneron Pharmaceuticals 10-K FY2024 (SEC EDGAR) 2025-02 https://www.sec.gov/Archives/edgar/data/872589/000180422025000011/regn-20241231.htm [High],"Included for footprint/capital-activity completeness since it is explicitly a 2025 capital project with disclosed dollar figure and jobs, but Orise automation/MES fit is materially weaker than Rensselaer or Saratoga Springs because the scope is R&D/preclinical/support rather than commercial manufacturing. Completion date not publicly disclosed. opportunity_status reflects that the project is actively under construction per the literal project-status rule, not a judgment that SCADA/MES need is strong here."
Takeda,Los Angeles Plasma-Derived Therapies (PDT) Manufacturing Site -- Fractionation Expansion,Los Angeles,CA,34.0522,-118.2437,BROWNFIELD,biologics/mAbs,230000000,125,under construction,2027,OPEN OPPORTUNITY,"Takeda is expanding plasma fractionation capacity by up to 2 million liters/year at its largest global fractionation site (Los Angeles), repurposing an existing building and site infrastructure rather than new construction; construction began January 2024 and completion is targeted for June 2027 (total investment reported as JPY 34.6B / $230M). Current (2026) Takeda job postings at the LA site for Automation Engineer and Automation Engineer II (night shift) roles explicitly list DeltaV, EBM, PLC, EBR, and BAS scope tied to plasma manufacturing operations.",SCADA / process control and automation (Strong) | MES implementation and integration (Moderate) | Legacy system modernization and migration (Moderate),Emerson DeltaV DCS + PLC + BAS (per Takeda LA job postings referencing DeltaV/EBM/PLC/BAS/EBR),Takeda (company newsroom) 2024-06-11 https://www.takeda.com/en-us/newsroom/news-releases/2024/expanding-production-capacity-for-pdt-at-la-manufacturing-site/ [High] | BioProcess International 2024-06 https://www.bioprocessintl.com/facilities-capacity/takeda-bolsters-plasma-biz-with-230m-la-plant [Medium] | Connect CRE 2024 https://www.connectcre.com/stories/takeda-breaks-ground-on-230m-expansion-of-la-manufacturing-facility/ [Medium] | Takeda Form 20-F FY2025 (SEC EDGAR) 2025 https://www.sec.gov/Archives/edgar/data/1395064/000139506425000095/tak-20250331.htm [High] | Takeda careers (job posting) 2026-05 https://jobs.takeda.com/job/los-angeles/automation-engineer-ii-night-shift/1113/94824051984 [Medium],Investment figure originally reported in JPY (34.6 billion) and converted/reported as $230M by Takeda and trade press at time of announcement (June 2024); exact USD figure is subject to the FX rate used at announcement. 125 new long-term positions plus additional construction-phase positions per company release.
Takeda,Covington / Social Circle Plasma Fractionation Campus,Covington,GA,33.5966,-83.8602,BROWNFIELD,biologics/mAbs,,,operational,,Monitor,"Takeda's largest biotech manufacturing facility in Georgia (1.1M+ sq ft on a 160-acre site, opened 2018 following ~2012-2018 construction, >1,100 employees) performs plasma fractionation and purification and is part of Takeda's global 8-site plasma manufacturing network referenced in 2026 LA job postings. No specific new capital expansion at this site (distinct from the LA project) was identified in this research pass, though ongoing DeltaV/PLC/SCADA-related job postings at the site suggest continuous automation/controls activity.",Lifecycle support and managed services (Moderate),DeltaV/DCS and SCADA platforms referenced in current Covington-site job postings,Georgia Quick Start (state workforce agency) n/a https://www.georgiaquickstart.org/projects/takeda/ [Medium] | Takeda careers 2026 https://jobs.takeda.com/covington [Medium] | Area Development 2019 https://www.areadevelopment.com/newsitems/3-19-2019/takeda-pharmaceutical-company-manufacturing-covington-georgia.shtml [Medium],"No 2024-2026 capital expansion specific to this site was found in this research pass; included as major existing footprint per task instructions (every site with meaningful current production). Original construction (~$1B+, 2012-2018, began under then-owner Baxter/Baxalta/Shire before Takeda's 2019 acquisition of Shire) predates the January 2024-2030 scope window, so no dollar figure is populated. A 'Biomedical Waste Processing Facility' unveiling at the adjacent Stanton Springs site appeared in search results but was not independently dated/verified in this pass -- flagged Unverified and excluded from the structured fields."
Takeda,Brooklyn Park Biologics Manufacturing Facility,Brooklyn Park,MN,45.0941,-93.3563,BROWNFIELD,biologics/mAbs,,,operational,,Monitor,"Minnesota's largest biologics manufacturer; a 32-acre campus with 92 cleanrooms (acquired from Baxalta in January 2016) that manufactures Entyvio (vedolizumab) and other biologics, grown from 42 to 400+ employees over time. No specific 2024-2026 capital expansion announcement was identified for this site in this research pass.",Lifecycle support and managed services (Weak),,GEN (Genetic Engineering & Biotechnology News) 2016 https://www.genengnews.com/topics/bioprocessing/takeda-acquires-baxaltas-minnesota-based-biologics-manufacturing-facility/ [Medium] | Star Tribune n/a https://www.startribune.com/takeda-is-banking-on-a-supertarget-sized-biologic-plant-in-brooklyn-park/490604121 [Medium] | Takeda careers 2026 https://jobs.takeda.com/brooklyn-park [Medium],"No 2024-2026 capital expansion identified for this site in this research pass; classified Monitor pending future announcements. Facility acquired from Baxalta in January 2016; growth to 400+ employees from an initial 42 occurred gradually over subsequent years, not concentrated in the 2024-2026 window."
Takeda,"Lexington Biologics Operations Facility (former Cell Therapy Manufacturing, being repurposed)",Lexington,MA,42.443,-71.2289,BROWNFIELD,cell & gene therapy,,,announced,,OPEN OPPORTUNITY,"Takeda discontinued its cell therapy R&D/manufacturing program in October 2025 (part of a company-wide pivot to three core modalities: small molecules, biologics, and antibody-drug conjugates), laying off 137 employees at this Massachusetts site and stating in a company newsroom statement that the Lexington cell therapy facility would be repurposed to support 'other Takeda therapeutic programs.' No public source yet specifies the new modality, project scope, capital figure, or timeline for the repurposing; Takeda job postings do show continued 'Sr. Automation Engineer' hiring at the Lexington site.",Legacy system modernization and migration (Moderate),"Unconfirmed -- Takeda job postings show ongoing 'Sr. Automation Engineer' hiring at the Lexington site, but no vendor platform is named in available postings",Takeda (company newsroom statement) 2025-10 https://www.takeda.com/newsroom/statements/2025/takeda-provides-update-on-cell-therapy-research/ [High] | Fierce Pharma 2025 https://www.fiercepharma.com/pharma/takeda-plots-641-layoffs-two-massachusetts-sites-amid-company-wide-restructuring-plan [Medium] | PackGene Biotech (trade press) 2025-10 https://www.packgene.com/frontier/100225-takeda/ [Low],"Unverified/uncertain: the specific new use, modality, capital figure, and timeline for the Lexington repurposing had not been disclosed publicly as of this research pass (Sept 2026) -- modality field reflects the facility's prior/current licensed use (cell & gene therapy), not the unknown future use. Original cell therapy facility was an ~$84M, 38,000 sq ft commercial build (groundbreaking ~2021), which predates our scope window; the October 2025 discontinuation/repurposing decision is the in-scope event. 137 employees were laid off in connection with the cell therapy shutdown (this is a reduction, not new jobs, so the 'jobs' field is left null)."
GSK,GSK Marietta Sterile Manufacturing Expansion,Marietta,PA,40.0537,-76.5586,BROWNFIELD,mRNA/vaccines; fill-finish/sterile injectables,800000000,200,under construction,2027,OPEN OPPORTUNITY,"New ~300,000 sq ft facility doubling the existing Marietta campus to add sterile vaccine drug-substance production (targeted 2027 startup) and drug-product/fill-finish manufacturing (targeted 2028) for vaccines such as Shingrix and Arexvy (RSV) plus clinical-trial drug supply. Groundbreaking ceremony held April 3, 2025 in East Donegal Township; PA state committed a $21M grant to support the project.",SCADA / process control and automation (Strong) | MES implementation and integration (Strong) | Validation / CSV / data integrity (Strong) | Digitalization / Industry 4.0 (Moderate),,PA Department of Community & Economic Development 2025-04-03 https://dced.pa.gov/newsroom/spurring-innovation-shapiro-administration-celebrates-historic-investment-in-gsks-growth-in-pennsylvania/ [High] | GSK US (company press release) 2024 https://us.gsk.com/en-us/media/press-releases/gsk-invests-up-to-800-million-in-pennsylvania-site-largest-manufacturing-investment-in-us/ [High] | Manufacturing Dive 2024 https://www.manufacturingdive.com/news/uk-based-gsk-800m-expansion-of-vaccine-drug-facility-marietta-pennlylvania/732308/ [Medium] | LancasterOnline 2025 https://lancasteronline.com/news/local/centerpiece-of-gsks-800m-lancaster-county-investment-under-construction/article_0c0e574b-a6fd-4332-988b-a1e4484e3454.html [Medium],"Sources conflict slightly on initial announcement timing (one trade article references construction starting Oct 2024; the official PA state groundbreaking ceremony was confirmed April 3, 2025) — treat the exact announcement month as Unverified while the $800M figure, doubling of capacity, and 2027/2028 startup timeline are corroborated by multiple sources including PA state government."
GSK,GSK Upper Merion Biologics Flex Factory (new),King of Prussia (Upper Merion Township),PA,40.0893,-75.3902,GREENFIELD,biologics/mAbs,1200000000,,announced,,OPEN OPPORTUNITY,"New biologics 'flex' factory for respiratory (COPD, asthma) and oncology (haematological, gynaecological, lung, solid-tumor) biologic medicines. Construction is slated to start in 2026 as part of a $1.2B tranche that also funds new drug-substance manufacturing capability, device/auto-injector assembly, and AI/digital investment across five existing GSK US sites (PA, NC, MD, MT).",SCADA / process control and automation (Strong) | MES implementation and integration (Strong) | Digitalization / Industry 4.0 (Strong) | Validation / CSV / data integrity (Strong),,GSK plc (company press release) 2025-09-17 https://www.gsk.com/en-gb/media/press-releases/gsk-to-invest-30-billion-in-rd-and-manufacturing-in-the-united-states-over-next-5-years/ [High] | The Philadelphia Inquirer 2025-09-17 https://www.inquirer.com/health/gsk-upper-merion-king-prussia-biologics-factor-20250917.html [Medium] | Fierce Pharma 2025-09 https://www.fiercepharma.com/manufacturing/gsk-joins-us-investment-spree-30b-planned-manufacturing-rd [Medium] | BioProcess International 2025-09 https://www.bioprocessintl.com/facilities-capacity/gsk-announces-5-year-plan-to-invest-30bn-in-us [Medium],"The $1.2B figure covers the whole second tranche of GSK's Sept 2025 US announcement (Upper Merion factory + AI/digital investment across 5 existing sites + device/auto-injector assembly), not solely the Upper Merion building cost — capture the range/breakdown is not disclosed separately in available sources. project_type is set to GREENFIELD based on consistent trade-press description as a new/additional factory distinct from GSK's existing sites, but no source explicitly confirms 'undeveloped land' — flagged Unverified. No commercial start date or jobs figure found; construction start '2026' is the only confirmed timing marker (set in expected_start as null since that refers to construction start, not operational start)."
GSK,GSK Zebulon Secondary (Solid-Dose) Manufacturing Site,Zebulon,NC,35.8382,-78.3153,BROWNFIELD,oral solid dose,,,operational,,OPEN OPPORTUNITY,"GSK's largest secondary (solid-dose) pharmaceutical manufacturing site in North America — tablet/capsule granulation, drying, and packaging, plus contract manufacturing of antibiotics for other companies. Named among the sites slated for AI/digital capability investment under GSK's Sept 2025 $1.2B tranche; active recruitment for Automation Engineer and Manufacturing Sciences & Technology roles into 2026.",Digitalization / Industry 4.0 (Moderate) | Legacy system modernization and migration (Moderate) | Lifecycle support and managed services (Moderate),,Pharmaceutical Technology N/A https://www.pharmaceutical-technology.com/uncategorized/zebulon/ [Medium] | NC Biotechnology Center Job Board (GSK job posting) 2026-01-16 https://careers.ncbiotech.org/companies/gsk-2/jobs/69455530-automation-engineer [Medium] | GSK plc (company press release) 2025-09-17 https://www.gsk.com/en-gb/media/press-releases/gsk-to-invest-30-billion-in-rd-and-manufacturing-in-the-united-states-over-next-5-years/ [High],"No specific dollar figure or jobs count found tied to Zebulon's AI/digital scope specifically; GSK's Sept 2025 release names 'North Carolina' as one of the four states covered by the five-site AI/digital program without itemizing site-level detail — treated as Unverified at site level. Modality is oral solid dose based on confirmed tablet/capsule/granulation/packaging activity; respiratory device manufacturing (e.g., inhalers) at this site was not confirmed in sources reviewed."
GSK,GSK Hamilton Adjuvant Manufacturing Site,Hamilton,MT,46.2496,-114.1535,BROWNFIELD,mRNA/vaccines,,,operational,,OPEN OPPORTUNITY,"Manufactures key components of GSK's proprietary adjuvant systems used in vaccines including Shingrix. A prior $100M capacity expansion (announced April 2019, targeted completion ~2022) built out adjuvant-component capacity; the site is named among the five US sites receiving new AI/digital capability investment under GSK's Sept 2025 $1.2B tranche, though site-specific 2024-2026 dollar figures were not found.",Digitalization / Industry 4.0 (Moderate) | Legacy system modernization and migration (Weak),,GSK US (company press release) 2019-04-24 https://us.gsk.com/en-us/media/press-releases/gsk-invests-100-million-to-expand-long-term-vaccine-manufacturing-capabilities-in-hamilton-mt/ [High] | GSK plc (company press release) 2025-09-17 https://www.gsk.com/en-gb/media/press-releases/gsk-to-invest-30-billion-in-rd-and-manufacturing-in-the-united-states-over-next-5-years/ [High],The $100M investment is dated 2019 and thus predates the Jan 2024-2026 scope window; included because the site is actively operating and was named in 2025 for new AI/digital investment. No 2024-2026 dollar figure specific to Hamilton was identified — investment_usd left null intentionally; do not conflate with the 2019 figure.
GSK,GSK Rockville Biologics Site (divestiture to Samsung Biologics),Rockville,MD,39.084,-77.1528,BROWNFIELD,biologics/mAbs,,500,operational,,Closed/late,"Two cGMP biologics drug-substance plants (60,000 L total capacity) being sold by GSK to Samsung Biologics for $280 million, in a deal announced ~December 2025 and expected to close Q1 2026; approximately 500 employees are expected to transfer to Samsung Biologics. This removes Rockville from GSK's forward US manufacturing footprint.",Lifecycle support and managed services (Weak),,Fierce Pharma 2025-12 https://www.fiercepharma.com/manufacturing/samsung-biologics-pays-gsk-280m-secure-first-us-manufacturing-site [Medium] | The Korea Herald 2025-12 https://www.koreaherald.com/article/10641494 [Medium],"Included for US-footprint accuracy only, not as a GSK capital-investment opportunity — the $280M is Samsung Biologics' acquisition price, not GSK capex, so investment_usd is deliberately left null to avoid corrupting investment aggregates. The 500 jobs figure reflects existing employees expected to transfer with the site, not new roles created. Flag for the Orise dashboard: this site should likely be tracked under a future 'Samsung Biologics' account instead, not GSK, once the deal closes."
CSL / CSL Seqirus,CSL Behring Kankakee Plasma Manufacturing Campus (Horizon 2 expansion),Kankakee,IL,41.12,-87.8612,BROWNFIELD,biologics/mAbs,1500000000,300,under construction,2031,OPEN OPPORTUNITY,"Groundbreaking held March 9, 2026 on a $1.5B expansion of CSL Behring's plasma-fractionation/immunoglobulin campus, adding CSL's patented 'Horizon 2' yield-enhancing manufacturing process to bring end-to-end plasma processing onshore in the US for the first time at this scale. Adds ~300 permanent jobs and ~800 construction-related jobs on top of the existing 1,200-person workforce; project timeline runs through 2031; backed by more than $200 million in Illinois state tax incentives.",SCADA / process control and automation (Strong) | MES implementation and integration (Strong) | Validation / CSV / data integrity (Strong) | Digitalization / Industry 4.0 (Moderate),,CSL Newsroom (company press release) 2026-03-09 https://newsroom.csl.com/2026-03-09-CSL-announces-expansion-of-Illinois-plasma-therapy-manufacturing-facility [High] | Office of Illinois Governor JB Pritzker 2026-03-09 https://gov-pritzker-newsroom.prezly.com/gov-pritzker-announces-15-billion-investment-from-global-biotherapeutics-leader-csl [High] | BioPharma Dive 2026-03 https://www.biopharmadive.com/news/csl-behring-immunoglobin-plasma-illinois-kankakee-plant-expansion/814442/ [Medium] | ABC7 Chicago 2026-03 https://abc7chicago.com/post/australian-biopharmaceutical-company-csl-behring-invest-15b-kankakee-manufacturing-facility/18697523/ [Medium],"Modality classified as biologics/mAbs as the closest fit in the fixed modality list; the product is plasma-derived immunoglobulin (a plasma protein biologic), not a monoclonal antibody — noted for accuracy. 'Horizon 2' is CSL's own name for its patented yield-enhancing plasma process, per company and state government sources."
CSL / CSL Seqirus,CSL Seqirus Holly Springs Influenza Vaccine Manufacturing Facility,Holly Springs,NC,35.6513,-78.8336,BROWNFIELD,mRNA/vaccines; fill-finish/sterile injectables,,,operational,,Monitor,"World's largest cell-based influenza vaccine manufacturing site (1,000+ employees); formulates and fills seasonal and pandemic flu vaccines in pre-filled syringes. Holds a US-government 'pandemic ready' designation with surge capacity to deliver up to 150 million pandemic vaccine doses within six months. Received two 2024 BARDA awards funding production/readiness rather than new construction: $121.4M (Sept 2024) to expand the MF59 adjuvant stockpile to the equivalent of 40 million doses under the National Pre-Pandemic Influenza Vaccine Stockpile, and $34M (Oct 2024) for fill-finish of H5N1/H5N8 pre-pandemic vaccine doses. CSL Seqirus is separately building self-amplifying mRNA (sa-mRNA) vaccine R&D capability via a new Waltham, MA facility and an Arcturus Therapeutics platform license — a plausible future technology-transfer target for Holly Springs, though no site-specific mRNA manufacturing project has been announced there yet.",Lifecycle support and managed services (Moderate) | Legacy system modernization and migration (Weak),"Emerson DeltaV (DCS) and AVEVA/OSIsoft PI Historian, per an active Holly Springs automation-engineer job posting (Medium/Low confidence — single job-posting source, not a company disclosure).",CSL Seqirus (company press release) 2024-09 https://www.cslseqirus.us/news/csl-seqirus-announces-fifth-barda-award-in-response-to-avian-influenza [High] | CSL Seqirus (company press release) 2024-10 https://www.cslseqirus.us/news/csl-seqirus-announces-sixth-barda-award-in-response-to-avian-influenza [High] | CSL Seqirus (company press release) N/A https://www.cslseqirus.us/news/seqirus-holly-springs-manufacturing-facility-designated-by-us-government-as-pandemic-ready [High] | JobLeads.com (job posting) 2026 https://www.jobleads.com/us/job/senior-automation-engineer-deltav-pi-historian--holly-springs--e46149dd54dc23fa6bcea6e85c2898498 [Low] | BioProcess International N/A https://www.bioprocessintl.com/deal-making/csl-seqirus-to-access-arcturus-sa-mrna-vax-tech [Medium],"No new capital-construction figure was identified for Holly Springs within the Jan 2024-2026 window — the $140M and $156M expansions both predate this window (completed by ~2022). The $121.4M and $34M 2024 figures are BARDA production/stockpile contract awards, not site capex, so investment_usd is deliberately left null rather than conflating contract value with capital investment. Classified opportunity_status as 'Monitor' rather than 'OPEN OPPORTUNITY' because the only current trigger is a single job posting (a routine-hiring signal) rather than an announced project; sales team should re-check periodically for a Holly Springs mRNA tech-transfer announcement, which would upgrade this site to OPEN OPPORTUNITY."
FUJIFILM Biotechnologies,FUJIFILM Biotechnologies Holly Springs Biomanufacturing Campus,Holly Springs,NC,35.6513,-78.8336,GREENFIELD,biologics/mAbs,3200000000,1400,commissioning,2026,OPEN OPPORTUNITY,"North America's largest end-to-end biopharmaceutical (mammalian cell-culture antibody) CDMO campus, built new on this site. Phase 1 (drug-substance manufacturing, 8 x 20,000L single-use bioreactors) held its grand opening Sept 24, 2025; finished-goods (fill-finish/packaging) capability is being added in 2026. Cumulative investment is $3.2B: an original $2B commitment (2021) plus a $1.2B expansion announced April 2024 that alone added ~680 of the site's total 1,400 planned jobs (targeted by 2031, ~$10B state economic impact over the decade per NC state estimates). Anchor customers include a 10-year, $3B Regeneron manufacturing agreement and a $2B Johnson & Johnson capacity-reservation deal. Active 2025-2026 job postings for 'Automation Engineer, MES' and 'Senior Automation Engineer 1, MES' on the Drug Substance Manufacturing (DSM) team specify hands-on DeltaV DCS configuration and MES configuration work (ET/EM Configuration, SC Consumer Execution Group), confirming an in-progress DeltaV/MES automation build-out.",SCADA / process control and automation (Strong) | MES implementation and integration (Strong) | Digitalization / Industry 4.0 (Strong) | Validation / CSV / data integrity (Strong),"Emerson DeltaV (DCS) confirmed via multiple 2025-2026 job postings; some postings reference legacy 'Syncade' MES terminology alongside newer MES configuration language (Medium confidence, job-posting evidence).",Office of NC Governor Josh Stein 2025-09-24 https://governor.nc.gov/news/press-releases/2025/09/24/governor-stein-spotlights-north-carolinas-leadership-biotech-industry-fujifilm-biotechnologies [High] | Office of NC Governor (Cooper administration) 2024-04-11 https://governor.nc.gov/news/press-releases/2024/04/11/fujifilm-diosynth-biotechnologies-expands-holly-springs-facility-create-one-largest-end-end-cell [High] | Fierce Pharma 2025-09-24 https://www.fiercepharma.com/manufacturing/fujifilm-biotechnologies-cuts-ribbon-32b-antibody-facility-nc [Medium] | NC Department of Commerce 2021 https://www.commerce.nc.gov/news/press-releases/governor-cooper-announces-north-america%E2%80%99s-largest-end-end-biopharmaceutical [High] | Manufacturing Dive 2025 https://www.manufacturingdive.com/news/jj-earmarks-2-billion-fujifilm-biotechnologies-holly-springs-north-carolina-facility/758602/ [Medium] | NC Biotechnology Center Job Board (FUJIFILM job posting) 2025/2026 https://careers.ncbiotech.org/companies/fujifilm-biotechnologies/jobs/78388868-senior-automation-engineer-1-mes [Low],"Investment range: original commitment was $2B (2021), increased by $1.2B in April 2024 to a cumulative $3.2B — headline $3.2B figure captured per the rules; jobs figure (1,400) is the cumulative total by 2031, of which 680 are attributed specifically to the 2024 $1.2B expansion. NC gov press material also references 'antibodies and vaccines' production; modality captured here as biologics/mAbs (mammalian cell-culture antibody manufacturing is the clearly evidenced primary activity) — the vaccines reference is Unverified as a distinct product line at this site. status set to 'commissioning' to reflect that Phase 1 (drug substance) is operational post-Sept 2025 grand opening while finished-goods capability continues ramping through 2026 (today's date in this research cycle)."
FUJIFILM Biotechnologies,FUJIFILM Biotechnologies College Station Single-Use Biomanufacturing Campus,College Station,TX,30.628,-96.3344,BROWNFIELD,biologics/mAbs,330000000,,under construction,2028,OPEN OPPORTUNITY,"Largest scale-out single-use cell-culture biomanufacturing campus in the US (~300,000 sq ft, ~770 employees as of the Sept 2025 site-head appointment). Brazos County approved an additional $4.9M in tax rebates in June 2025 tied to a further $30M FUJIFILM investment, bringing cumulative site investment to $330M, for a 138,000 sq ft expansion with a completion deadline of December 2028. In March 2026 the company confirmed layoffs at this site following 'a strategic review of manufacturing facilities, capabilities and talent' intended to align Texas operations with customer demand — a caution signal on near-term pace even as the contractual expansion deadline stands.",MES implementation and integration (Moderate) | SCADA / process control and automation (Moderate) | Digitalization / Industry 4.0 (Weak),,KBTX News 2025-06-11 https://www.kbtx.com/2025/06/11/brazos-county-approves-30-million-fujifilm-expansion-agreement/ [Medium] | BioProcess International N/A https://www.bioprocessintl.com/facilities-capacity/fujifilm-to-build-300m-plant-in-texas [Medium] | KBTX News 2026-03-19 https://www.kbtx.com/2026/03/19/global-medicine-vaccine-producer-confirms-layoffs-college-station-facility/ [Medium] | FUJIFILM (company press release) 2025-09 https://www.fujifilm.com/us/en/news/fujifilm_biotechnologies-welcomes-samuel-hernandez-as-site-head-of-texas-facility [High],"Number of layoffs in the March 2026 round was not disclosed in sources reviewed (an earlier, separate April 2024 layoff round affected 33 positions at this site — do not conflate the two events). Sales team should treat this site's near-term automation buying appetite as uncertain pending clarity on the scope/cause of the March 2026 workforce reduction — flagged as Unverified/caution rather than a confirmed slowdown of the capital project itself, since the county incentive agreement and Dec 2028 deadline remain in force per available sources."
FUJIFILM Biotechnologies,FUJIFILM Biotechnologies Thousand Oaks Cell Therapy Facility,Thousand Oaks,CA,34.1706,-118.8376,BROWNFIELD,cell & gene therapy,,,operational,,Monitor,"Cell-therapy manufacturing facility; an expansion completed November 2024 added two new independent cell-therapy production suites and upgraded development labs, increasing cleanroom capacity for new client programs.",Lifecycle support and managed services (Weak),,GlobeNewswire (company press release distribution) 2024-11-20 https://www.globenewswire.com/news-release/2024/11/20/2984805/0/en/FUJIFILM-Diosynth-Biotechnologies-Celebrates-the-Expansion-Completion-at-its-California-Cell-Therapy-Facility.html [High] | Contract Pharma 2024-11 https://www.contractpharma.com/breaking-news/fujifilm-diosynth-biotechnologies-completes-facility-expansion-in-ca/ [Medium],No dollar investment figure was disclosed for this expansion in sources reviewed — investment_usd left null. Classified 'Monitor' rather than 'OPEN OPPORTUNITY' because the expansion was already completed as of Nov 2024 with no further trigger identified; automation/MES scope for the two new suites was likely already delivered as part of the completed project.
Catalent,Catalent Winchester Oral Solid Dose Manufacturing Facility,Winchester,KY,37.9887,-84.1799,BROWNFIELD,oral solid dose,175000000,277,operational,2024,Monitor,"A 2022-announced $175M project added two new buildings (~107,000 sq ft) at Catalent's flagship US large-scale oral solid dose site, expanding highly-potent material handling/containment vault capability, lab space, and capacity for dual-fill encapsulation and pan coating. Original target completion was January 2024; no further capital announcements for this specific project were found in 2025-2026 research, suggesting the build and its associated controls/automation commissioning are likely complete.",Lifecycle support and managed services (Weak),,Catalent newsroom 2022-05-19 https://www.catalent.com/catalent-news/catalent-invests-175-million-to-expand-manufacturing-capabilities-and-capacity-at-winchester-kentucky/ [High] | Contract Pharma 2022-05-19 https://www.contractpharma.com/breaking-news/catalent-invests-175m-to-expand-mfg-capabilities-at-winchester-ky/ [Medium],"Original announcement (May 2022) pre-dates the Jan 2024 research window, but the project's targeted completion (Jan 2024) falls inside it, so it is included as in-progress during part of the window per task scope. No 2024-2026 follow-on capital announcement was found for this specific project."
Catalent,Catalent Harmans Gene Therapy Commercial Manufacturing Campus,Harmans,MD,39.1712,-76.7247,BROWNFIELD,cell & gene therapy,360000000,700,operational,2022,Monitor,"Gene-therapy commercial manufacturing campus near BWI airport; cumulative $360M expansion (an initial $130M in 2020, increased to $230M in Oct 2021, then to $360M) added viral-vector suites, reaching 18 cGMP viral-vector suites by end of 2022 across ~350,000 sq ft. Named alongside the now-divested Bloomington, IN site in Catalent's FY2024 10-K as one of two facilities generating a material portion of company revenue. A February 2026 'Engineer, Automation' job posting for this site cites support for PLCs, an OSI-PI data historian, and Ignition (Inductive Automation) for data reporting and remote alarms -- evidence of an active, multi-vendor OT stack still being staffed.",Lifecycle support and managed services (Moderate) | Digitalization / Industry 4.0 (Moderate),"PLC-based control, OSI-PI (data historian), Ignition/Inductive Automation (data reporting & remote alarms) -- per a Feb 2026 Catalent 'Engineer, Automation' job posting for this site (single-source, Medium confidence)",Catalent newsroom 2021-10-26 https://www.catalent.com/news/catalents-investment-in-expanding-its-state-of-the-art-gene-therapy-commercial-manufacturing-campus-in-harmans-maryland-increases-to-360m [High] | BioPharma Dive 2020 https://www.biopharmadive.com/news/catalent-gene-therapy-plant-maryland/585010/ [Medium] | Catalent Careers (job posting) 2026-02-26 https://careers.catalent.com/us/en/job/0091380/Engineer-Automation [Medium],"Major expansion capital (2020-2022) pre-dates the Jan 2024 window; included because the site is explicitly named as material-revenue in the FY2024 10-K and shows current (2026) automation-related hiring activity. The FY2024 10-K also named Bloomington, IN alongside Harmans, but Bloomington has since transferred to Novo Nordisk (see account-level ownership_note) and is excluded from this dataset."
Catalent,Catalent Madison Biologics Facility,Madison,WI,43.0731,-89.4012,BROWNFIELD,biologics/mAbs,45000000,200,under construction,2025,OPEN OPPORTUNITY,"Expansion of an existing biologics development/manufacturing site (50L-4,000L scale, home to Catalent's proprietary GPEx Lightning cell-line technology) with new production equipment; approximately 200 new skilled jobs were reported already created at announcement. Wisconsin's WEDC authorized up to $2 million in performance-based tax credits tied to the investment.",MES implementation and integration (Moderate) | SCADA / process control and automation (Moderate),,Area Development 2025-07-21 https://www.areadevelopment.com/newsitems/7-21-2025/catalent-madison-wisconsin.shtml [Medium] | Wisconsin Economic Development Corporation (WEDC) Unverified https://wedc.org/gov-evers-wedc-celebrate-catalents-45-million-expansion/ [High] | Catalent newsroom Unverified https://www.catalent.com/media-advisories/gov-evers-wedc-celebrate-catalents-45-million-expansion-adding-to-the-states-booming-biohealth-sector/ [High],"Announcement dated to early/mid-July 2025 based on the most specific source found (Area Development); some secondary aggregator summaries referenced 'October 2025' for related coverage, which may reflect a follow-up event rather than the original announcement -- flagged Unverified for the exact day."
Catalent,Catalent St. Petersburg Softgel Manufacturing Facility,St. Petersburg,FL,27.7676,-82.6403,BROWNFIELD,oral solid dose,,,operational,,Monitor,"Catalent's primary North American softgel (RP Scherer technology) development and manufacturing site, with capacity for 18+ billion softgels/year across Rx, OTC, medical device, controlled substance, and dietary-supplement products. No specific 2024-2026 capital project was identified in this research pass; included for footprint completeness given its scale and its proximity to Catalent's new Tampa, FL global HQ (opened Sept 2025).",,,Catalent site page Unverified https://www.catalent.com/our-locations/north-america/st-petersburg-usa/ [Medium] | BioSpectrum Asia 2025-09 https://www.biospectrumasia.com/news/95/26676/catalent-opens-new-global-headquarters-in-tampa-marking-strategic-expansion-in-florida.html [Medium],"No new capital project found for this site in the 2024-2026 window; flagged Monitor rather than OPEN OPPORTUNITY. Catalent's new global corporate HQ (announced Sept 2025) is in nearby Tampa, FL but is a corporate office, not a manufacturing site, so it is not listed as a separate site here."
Lonza,Lonza Vacaville Large-Scale Biologics Site (ex-Roche/Genentech),Vacaville,CA,38.3566,-121.9877,BROWNFIELD,biologics/mAbs,1200000000,750,operational,2027,OPEN OPPORTUNITY,"Lonza acquired this ~330,000 L-bioreactor-capacity large-scale mammalian biologics site from Roche/Genentech for $1.2 billion (signed March 20, 2024; closed October 1, 2024) -- one of the largest biologics plants in the world by volume -- joining Lonza's mammalian network alongside Visp (CH), Slough (UK), Singapore, Portsmouth (US) and Porriño (ES). Lonza's 2025 Annual Report states that after an initial capex phase, 'additional investments [will] follow in the next two to three years to upgrade the site's automation system and multi-purpose capabilities' -- a direct, company-sourced signal of forthcoming automation/controls scope. Approximately 750 former Genentech employees were offered positions; the site completed its first FDA audit under Lonza ownership in 2025 and is securing new commercial contracts as legacy Roche product volumes phase out.",Legacy system modernization and migration (Strong) | MES implementation and integration (Strong) | Lifecycle support and managed services (Moderate),Legacy Roche/Genentech control systems as of acquisition (specific platform not disclosed in sources reviewed); Lonza has publicly committed to upgrading the site's automation system,Lonza newsroom 2024-03-20 https://www.lonza.com/news/2024-03-20-07-00 [High] | Lonza newsroom 2024-10-01 https://www.lonza.com/news/2024-10-01-16-45 [High] | BioPharm International 2024-03 https://www.biopharminternational.com/view/lonza-acquires-roche-s-us-commercial-biologics-manufacturing-site-for-1-2-billion [Medium] | Lonza 2025 Annual Report 2026 https://www.lonza.com/annualreport/2025/our-businesses/integrated-biologics [High],"The ~CHF 500 million upgrade figure was announced at signing (March 2024) as a planned future investment, separate from the $1.2B acquisition price; the exact split of spend between automation vs. other capex is not disclosed. expected_start (2027) reflects the '2-3 years from the 2025 Annual Report' automation-upgrade window, not the site's operational start (already operating under Lonza since Oct 2024). High confidence on acquisition figures; Medium confidence on the automation-upgrade characterization (paraphrased from the Annual Report)."
Lonza,Lonza Portsmouth Next-Generation Mammalian Biologics Facility,Portsmouth,NH,43.0718,-70.7626,BROWNFIELD,biologics/mAbs,220000000,,operational,2024,Monitor,"A 2021-announced $220M expansion (part of a combined CHF 850 million/~$936 million program spanning Lonza's Visp, Switzerland site too) added next-generation mammalian drug-substance bioreactor capacity (up to eight 2,000L bioreactors) at Portsmouth. Lonza announced completion of the first GMP batch at this next-generation facility on November 20, 2024, indicating the build and initial automation/commissioning work is done.",Lifecycle support and managed services (Weak),,Lonza newsroom (media advisory) 2024-11-20 https://www.lonza.com/media-advisories/2024-11-20-14-00 [High] | Pharmaceutical Technology 2021-05 https://www.pharmtech.com/view/lonza-to-expand-sites-with-next-generation-mammalian-manufacturing-facilities [Medium],"Original investment announced May 2021 (pre-dates the research window) but reached a key, in-window milestone (first GMP batch, Nov 2024), so it is included as relevant to the 2024-2026 window."
Lonza,Lonza/Vertex Dedicated Cell Therapy Manufacturing Facility,Portsmouth,NH,43.0718,-70.7626,BROWNFIELD,cell & gene therapy,,300,commissioning,2025,OPEN OPPORTUNITY,"A dedicated 130,000+ sq ft manufacturing facility built by Lonza in a co-investment partnership with Vertex Pharmaceuticals for Vertex's allogeneic cell-therapy portfolio (including Type 1 diabetes cell therapies), adjacent to Lonza's existing Portsmouth campus. Groundbreaking was held August 30, 2023; a September 2024 Lonza update indicated GMP operations were expected to begin in 2025. Up to 300 jobs are expected at peak capacity.",Validation / CSV / data integrity (Strong) | MES implementation and integration (Strong),,Lonza newsroom (media advisory) 2023-08-30 https://www.lonza.com/media-advisories/2023-08-30-21-43 [High] | Vertex Pharmaceuticals newsroom 2022 https://news.vrtx.com/news-releases/news-release-details/vertex-and-lonza-build-dedicated-manufacturing-facility-type-1 [High] | Lonza newsroom 2024-09-24 https://www.lonza.com/news/2024-09-24-14-00 [Medium],Dollar figure for Lonza/Vertex's co-investment was not disclosed in sources reviewed; investment_usd left null. The 'GMP operations expected 2025' timeline is per a Sept 2024 Lonza statement and was not independently reconfirmed as achieved by a later 2025/2026 source in this research pass -- status set to 'commissioning' rather than 'operational' and marked Unverified for actual start.
Lonza,Lonza Bend Commercial Spray-Drying Facility,Bend,OR,44.0582,-121.3153,BROWNFIELD,small molecule/API,235000000,80,under construction,2029,OPEN OPPORTUNITY,"New commercial-scale spray-drying facility (two PSD-4 spray-drying units) at Lonza's existing Bend, OR site, positioning Lonza as a commercial-scale PSD-4 spray-drying CDMO provider in the US for amorphous solid dispersion API formulations. Announced September 10, 2026; groundbreaking held September 14, 2026; completion targeted for 2029. Existing Bend job postings already reference DeltaV DCS and SCADA experience, plus an 'Automation Engineer MES/DeltaV' role designing and validating MES recipes and DeltaV control strategies.",SCADA / process control and automation (Strong) | MES implementation and integration (Strong),"DeltaV (Emerson) referenced in current Lonza Bend, OR job postings (Lab Automation Engineer; Automation Engineer MES/DeltaV) -- Medium confidence, job-posting sourced",Lonza newsroom 2026-09-10 https://www.lonza.com/news/2026-09-10-07-00 [High] | Lonza newsroom (media advisory) 2026-09-14 https://www.lonza.com/media-advisories/2026-09-14-22-59 [High] | Daily Tidings 2026-09 https://www.dailytidings.com/lonza-breaks-ground-on-235-million-bend-expansion-with-more-than-700-jobs-expected/ [Medium],The $235M figure and 80 new permanent jobs are from local/trade press; one source also cited '700+ jobs expected' which likely refers to peak construction employment rather than permanent headcount -- flagged Unverified which figure the 700 refers to.
Lonza,Lonza Houston (Pearland) Cell & Gene Therapy Manufacturing Facility,Pearland,TX,29.5636,-95.286,BROWNFIELD,cell & gene therapy,,,operational,,Monitor,"A 300,000 sq ft dedicated cell-and-gene-therapy manufacturing facility, opened April 2018 and marketed at the time as the world's largest of its kind; received FDA approval for commercial gene-therapy production in 2021. No new capital project was identified for this site in the January 2024-2026 research window.",,,Lonza newsroom 2018-04-10 https://www.lonza.com/news/2018-04-10-12-00 [High] | BioPharma Dive 2018-04 https://www.biopharmadive.com/news/lonza-gene-therapy-texas-plant-opening/521230/ [Medium],Included for footprint completeness as a major existing cell & gene therapy site; no 2024-2026 capital activity was found for it in this research pass.
Lonza,Lonza Walkersville Endotoxin Assay Production Facility,Walkersville,MD,39.4884,-77.3552,BROWNFIELD,,,,under construction,,OPEN OPPORTUNITY,"Expansion of approximately 18,000 sq ft of dedicated manufacturing space to meet growing demand for endotoxin-assay test products (Lonza Bioscience testing-reagent business, not a drug-substance/drug-product line). Construction start was marked with a local event around September 25-26, 2024.",Validation / CSV / data integrity (Weak),,"Frederick County, MD government 2024-09 https://frederickcountymd.gov/CivicAlerts.aspx?AID=5425&ARC=8156 [High] | Lonza newsroom (media advisory) 2024-09-26 https://www.lonza.com/media-advisories/2024-09-26-15-00 [High]",No dollar figure for this specific project was found in sources reviewed (only square footage); investment_usd left null and marked Unverified. Modality left as an empty array because Lonza Walkersville's endotoxin-assay/testing-reagent product line does not fit any of the eight fixed modality categories in this schema -- flagged for manual review rather than force-fitting an inaccurate tag. Current (2026) completion status not independently reconfirmed.
Lonza,Lonza Greenwood Small Molecule/API Facility,Greenwood,SC,34.1954,-82.1618,BROWNFIELD,small molecule/API,46000000,30,under construction,,OPEN OPPORTUNITY,"Multi-year (five-year) $46M expansion of Lonza's Greenwood County, SC small-molecule/API site, adding approximately 50,000 sq ft of manufacturing space and 30 new jobs.",SCADA / process control and automation (Weak),,Upstate Business Journal Unverified https://upstatebusinessjournal.com/business-news/lonza-announces-53-7-million-investment-to-expand-greenwood-county-operations/ [Medium] | Business Facilities Magazine Unverified https://businessfacilities.com/lonza-investing-46m-greenwood-county-south-carolina-expansion/ [Medium],"Exact announcement date not pinned down precisely in this research pass; one related Upstate Business Journal headline cites a separate/earlier $53.7M Greenwood investment, which may be a prior phase distinct from this $46M project -- flagged Unverified, possible multiple overlapping Greenwood announcements not fully disambiguated. Investment is described as phased 'over the next five years,' so a single expected_start year could not be confidently assigned."
National Resilience,Resilience West Chester Drug Product / Fill-Finish Facility,West Chester,OH,39.3399,-84.4177,BROWNFIELD,fill-finish/sterile injectables; GLP-1/peptides; devices/combination products,750000000,400,announced,2027,OPEN OPPORTUNITY,"A 580,000 sq ft commercially licensed drug-product/fill-finish facility. Resilience first announced a $225M investment (Feb 20, 2024) to add a Groninger multi-purpose injectable fill/finish line and a fourth prefilled-syringe line, targeted to be running in 2025. On July 30, 2026, Resilience and long-time partner Eli Lilly announced a $750M joint investment to further scale production of Lilly's KwikPen prefilled injector devices for GLP-1 diabetes/obesity medicines, creating 400 new jobs, with full operations targeted for 2027. The Resilience/Lilly manufacturing partnership (established 2023) has already produced 150M+ doses in vial and pre-filled syringe formats.",MES implementation and integration (Strong) | SCADA / process control and automation (Strong) | Lifecycle support and managed services (Strong),,BusinessWire / Resilience newsroom 2024-02-20 https://www.businesswire.com/news/home/20240220994771/en/Resilience-Expands-Clinical-and-Commercial-Drug-Product-Manufacturing-Capabilities-and-Capacities [High] | BusinessWire / Resilience newsroom 2026-07-30 https://www.businesswire.com/news/home/20260730073895/en/Resilience-and-Lilly-Invest-$750-Million-to-Increase-U.S.-Manufactured-Medicine-Supply [High] | Fierce Pharma 2026-07-30 https://www.fiercepharma.com/manufacturing/lilly-resilience-plot-750m-outlay-increase-production-injectables-ohio [Medium],"Investment figure reported ($750M) is the larger/most recent Resilience/Lilly joint investment (announced July 30, 2026, targeting full operations 2027); this builds on an earlier, separate $225M Resilience-only investment (Feb 2024) for a 4th prefilled-syringe line targeted for 2025 -- both are real, distinct phases at the same site and are summarized together here rather than as two rows. Site given as West Chester, OH per company/trade-press description of the 580,000 sq ft drug-product/fill-finish facility; some sources describe the location more broadly as 'Cincinnati' or the 'Cincinnati region.'"
National Resilience,"Resilience Blue Ash Packaging, Device Assembly & Cold Storage Facility (Corporate HQ)",Blue Ash,OH,39.2295,-84.3785,BROWNFIELD,fill-finish/sterile injectables,,,operational,,Monitor,"A 450,000+ sq ft packaging, device-assembly, visual-inspection, labeling and cold-storage operation supporting the nearby West Chester, OH drug-product plant. Became National Resilience's new global corporate headquarters, relocated from San Diego, CA, announced June 18, 2026.",,,Resilience newsroom 2026-06-18 https://resilience.com/news/resilience-announces-relocation-of-headquarters [High] | JobsOhio 2026-06-18 https://www.jobsohio.com/newsroom/news-press/resilience-announces-relocation-of-west-coast-headquarters-to-ohio-and-expansion-of-sterile-manufacturing-capabilities [High],"No specific dollar figure for capital investment at this facility (beyond the broader HQ relocation and the West Chester expansion) was found in sources reviewed. Modality tagged as fill-finish/sterile injectables by association with the adjacent West Chester plant it packages for -- this is an approximation, not a direct statement in sources, and should be treated as Unverified."
National Resilience,Resilience Durham (Research Triangle Park) Gene Therapy Facility,Durham,NC,35.994,-78.8986,BROWNFIELD,cell & gene therapy,,,operational,,Monitor,"Former bluebird bio lentiviral-vector manufacturing plant, acquired by National Resilience for $110M in 2021. Resilience filed a WARN notice on January 6, 2025 for 120 permanent layoffs ('right-sizing... based on demand in the gene therapy sector'), with most terminations effective March 7, 2025 and a small remaining team retained through approximately December 2025. Confirmed as one of only four Resilience sites (with West Chester/Blue Ash OH, Philadelphia PA, and Toronto ON) continuing to operate after the company's June 2025 restructuring.",Lifecycle support and managed services (Weak),,Manufacturing Dive 2025-01-06 https://www.manufacturingdive.com/news/biotech-national-resilience-120-layoffs-durham-north-carolina/736819/ [High] | Pharma Manufacturing 2025-06-09 https://www.pharmamanufacturing.com/industry-news/news/55296003/national-resilience-to-close-six-sites-as-part-of-updated-cdmo-business-strategy [High],"No positive capital-investment figure was found for this site in the 2024-2026 window -- the only confirmed activity was downsizing (120 layoffs, Jan 2025). Kept in Monitor status rather than Closed/late because the site continues to operate commercially and could still need lifecycle/managed-services support at reduced headcount."
National Resilience,Resilience Philadelphia Cell Therapy Facility,Philadelphia,PA,39.9526,-75.1652,BROWNFIELD,cell & gene therapy,,,operational,,Monitor,"Cell-therapy development and manufacturing site, confirmed as one of National Resilience's four continuing North American sites after the 2025 restructuring. No specific capital project or exact street address was identified in sources reviewed during this research pass.",,,Pharma Manufacturing 2026 https://www.pharmamanufacturing.com/sector/contract-manufacturing/article/55389494/resilience-continues-to-find-its-footing-in-cdmo-space-amid-headquarters-relocation [Medium],"Exact street address/suburb not confirmed in this research pass. This is distinct from Resilience's now-divested former cell-therapy facility in East Norriton, PA, which was sold to Made Scientific and is excluded from this dataset. Marked Unverified for precise location detail beyond 'Philadelphia, PA,' and no 2024-2026 capital project was found for it."
Curia,Albuquerque Sterile Fill-Finish Campus Expansion,Albuquerque,NM,35.0844,-106.6504,BROWNFIELD,fill-finish/sterile injectables; biologics/mAbs,200000000,250,commissioning,2026,OPEN OPPORTUNITY,"70,000 sq ft addition to Curia's existing 200,000 sq ft Albuquerque sterile manufacturing campus, adding two new isolated filling lines: a VarioSys Flex Line for small-scale biologics and non-potent small molecules (syringes, cartridges, vials), reported still in commissioning, and a high-speed vial line (2R-30R vials) with two autoloaded freeze dryers plus automated vial inspection and labeling/packaging, which began commissioning in Q3 2025. Ribbon-cutting for the completed expansion was held September 3, 2026.",MES implementation and integration (Strong) | SCADA / process control and automation (Strong) | Validation / CSV / data integrity (Moderate),,GlobeNewswire (Curia press release) 2026-09-03 https://www.globenewswire.com/news-release/2026/09/03/3356138/0/en/curia-celebrates-expansion-of-albuquerque-facility-with-ribbon-cutting-ceremony.html [High] | Tradeline Inc. 2026-09 https://www.tradelineinc.com/news/2026-9/curia-opens-albuquerque-campus-expansion-sterile-manufacturing [Medium] | Pharma Manufacturing 2025-03 https://www.pharmamanufacturing.com/industry-news/news/55275425/curia-expands-sterile-fill-finish-capabilities-in-glasgow-and-albuquerque [Medium] | ABQ.news / The Paper. 2026-09 https://abq.news/2026/09/curia/ [Medium],"Multi-year project spanning at least 2025-2026; two of the new lines were still described as 'in commissioning' in the most recent sources despite the September 2026 ribbon-cutting, so status is recorded as commissioning rather than fully operational."
Curia,Rensselaer API Manufacturing Expansion,Rensselaer,NY,42.6506,-73.7326,BROWNFIELD,small molecule/API,35000000,,operational,,Monitor,"Expanded manufacturing and product-handling capability for complex small-molecule API production at Curia's Rensselaer, NY site, with new, larger-capacity reaction vessels reported to more than double the site's batch-size scaling and product output.",Legacy system modernization and migration (Moderate),,Drug Development & Delivery Unverified https://drug-dev.com/curia-to-expand-us-commercial-manufacturing-capability-investing-more-then-35-million/ [Low],"Unverified: exact announcement/completion date could not be confirmed from available source (single trade-press article, no clear dateline retrieved), so it is uncertain whether this expansion falls within the Jan 2024-2026 research window or predates it. Investment figure and scope are as reported; treat timing with caution."
Curia,Burlington Sterile Fill-Finish Site,Burlington,MA,42.5048,-71.1956,BROWNFIELD,fill-finish/sterile injectables,,,operational,,Monitor,"Existing commercial and clinical sterile fill-finish manufacturing operations as part of Curia's global sterile fill-finish network (alongside Albuquerque, NM and Camarillo/Thousand Oaks, CA). No specific 2024-2026 capital project identified in available sources.",Lifecycle support and managed services (Weak),,GlobeNewswire (Curia press release) 2025-03-17 https://www.globenewswire.com/news-release/2025/03/17/3043747/0/en/curia-announces-expansions-to-global-network-of-sterile-fill-finish-sites.html [High],"Listed for footprint completeness as a named commercial sterile fill-finish site; no dedicated 2024-2026 capital project was found for Burlington specifically (the March 2025 release's concrete project detail was for Albuquerque, NM and Glasgow, UK)."
KBI Biopharma,Durham Biologics Site,Durham,NC,35.994,-78.8986,BROWNFIELD,biologics/mAbs,,,operational,,Monitor,KBI's original North Carolina site; supports cell line and process development plus GMP biologics manufacturing. No new 2024-2026 capital project identified in available sources; site continues supporting commercial and clinical biologics production.,Lifecycle support and managed services (Moderate),,KBI Biopharma (company site) Unverified https://www.kbibiopharma.com/about/our-locations [Medium] | NC BioNetwork Unverified https://www.ncbionetwork.org/kbi-biopharma [Medium],Existing footprint site included for completeness; no 2024-2030 capital activity identified.
KBI Biopharma,Research Triangle Park Commercial Manufacturing Facility,Research Triangle Park,NC,35.8991,-78.8567,BROWNFIELD,biologics/mAbs,,,operational,,Monitor,"$150 million, ~140,000-150,000 sq ft commercial biologics manufacturing facility that held its ribbon-cutting in 2022 and now runs commercial production (200+ jobs at opening, expected to grow to 350). No new capital project identified for 2024-2026; this is treated as a major existing production site.",Lifecycle support and managed services (Moderate),,BioSpace Unverified https://www.biospace.com/kbi-biopharma-expands-us-operations-with-new-150-million-commercial-manufacturing-facility-based-in-rtp-north-carolina [Medium] | North Carolina Biotechnology Center Unverified https://www.ncbiotech.org/news/ncbiotech-drawn-kbi-biopharma-set-150m-200-job-expansion [High] | KBI Biopharma (company site) 2022-04-21 https://www.kbibiopharma.com/news/kbi-ribbon-cutting-new-commercial-manufacturing-facility [High],"The $150M facility investment and job figures are historical (announced ~2020, opened April 2022), predating the 2024-2026 research window; investment_usd is left null to avoid implying this is a current-window figure. Included because it is a major current-production site. Separately, in July 2024 KBI extended a commercial supply contract with a global pharma client worth an incremental ~$250 million through 2029 (source: bioprocessintl.com/kbi-extends-pharma-contract) - a commercial contract extension, not a capital/construction project, so not modeled as a separate site."
KBI Biopharma,Boulder/Louisville Biologics Site,Boulder,CO,40.015,-105.2705,BROWNFIELD,biologics/mAbs,,,operational,,Monitor,"KBI's Colorado center of excellence for microbial process development and cGMP manufacturing (up to 1,500L microbial, up to 2,000L mammalian), across R&D/analytical labs, GMP manufacturing/QC labs, and GMP warehouse/QA buildings; also offers fill-finish and formulation services. No new 2024-2026 capital project identified in available sources (last known expansion was a ~$30M investment across Durham and Boulder announced in 2017, outside the research window).",Lifecycle support and managed services (Weak),,Dun & Bradstreet Unverified https://www.dnb.com/business-directory/company-profiles/kbi-biopharma-boulder-llc.9d9d33fc15a60adb05b1289822c3edf0 [Low] | KBI Biopharma (company site) Unverified https://www.kbibiopharma.com/capabilities/services/microbial-commercial-manufacturing [Medium],"Includes a related Louisville, CO location per company/press sources; treated as one Boulder-area site cluster given lack of separately verified site-level detail."
Amneal Pharmaceuticals,Brookhaven New Sterile Manufacturing Facility & BFS Line,Brookhaven,NY,40.8365,-72.9101,BROWNFIELD,fill-finish/sterile injectables,,200,announced,,OPEN OPPORTUNITY,"Two related sterile-injectable initiatives at Amneal's existing Brookhaven, NY campus (which already runs oral solid/soft gel/hormonal production with ~800 employees): (1) a May 2025 collaboration with Apiject to install new blow-fill-seal (BFS) production lines targeting 250-300 million units/year, with potential to exceed 400 million units/year; and (2) a ~75,000 sq ft new sterile manufacturing facility using, per Amneal, 'advanced aseptic processing, automation, and integrated systems' with quality 'embedded from the ground up,' selected for the FDA's new PreCheck Pilot Program (announced ~July 2026), a program intended to give new facilities early FDA engagement during design and construction. Expected to add ~200 jobs.",SCADA / process control and automation (Strong) | MES implementation and integration (Strong) | Validation / CSV / data integrity (Strong),,Amneal Pharmaceuticals (Investor Relations press release) 2026-07 https://investors.amneal.com/news/press-releases/press-release-details/2026/Amneals-New-U-S--Sterile-Manufacturing-Facility-Selected-for-FDA-PreCheck-Pilot-Program--2026-Si4bsWWx9f/default.aspx [Medium] | Fierce Pharma 2025-05 https://www.fiercepharma.com/manufacturing/amneal-bolsters-us-manufacturing-capacity-apiject-collaboration-deal [Medium] | Pharmaceutical Online 2026 https://www.pharmaceuticalonline.com/doc/amneal-s-planned-sterile-facility-creates-opportunity-for-aseptic-filling-isolator-and-automation-suppliers-0001 [Medium] | Brookhaven Industrial Development Agency Unverified https://brookhavenida.org/blog/notice-of-public-hearing-amneal-pharmaceuticals-of-new-york-llc [Medium],"Could not directly fetch the Amneal IR press release (blocked by network egress proxy for investors.amneal.com); details drawn from search-engine synthesis of that page plus corroborating trade press, so confidence is Medium rather than High despite being a company source. It is not fully clear whether the May 2025 Apiject/BFS collaboration and the July 2026 FDA-PreCheck-selected 'new sterile manufacturing facility' are the same project described at two stages or two distinct projects at the same campus; both are combined into this single entry given they share a site and modality. No site-specific dollar investment figure was disclosed; Amneal's company-wide 2026 capex guidance is cited in different reports as ~$110 million and, after an upward revision linked partly to sterile-injectable and transdermal-patch capacity, ~$150 million - these are corporate totals, not this project's cost, so investment_usd is left null. project_type recorded as BROWNFIELD because the facility is sited at Amneal's existing, already-developed Brookhaven campus, though the scope (new building, new modality, automation built from scratch) functions much like a greenfield project from an automation-scope perspective."
Amneal Pharmaceuticals,Piscataway Manufacturing Campus,Piscataway,NJ,40.5546,-74.4638,BROWNFIELD,oral solid dose; devices/combination products,,,operational,,Monitor,"Existing large-scale manufacturing campus producing oral solids, topicals, transdermals, and high-potency/hormonal products. Amneal's FY2026 capex guidance cites expanding capacity for women's-health transdermal patches and sterile injectables company-wide, which plausibly touches this site's transdermal lines, but no source confirmed the transdermal capacity project is specifically sited at Piscataway.",Lifecycle support and managed services (Weak),,Amneal Pharmaceuticals (company fact sheet) 2025-07 https://amneal.com/wp-content/uploads/2025/07/Amneal-Fact-Sheet-US.pdf [High] | SEC EDGAR (Amneal 10-K FY2025) 2026 https://www.sec.gov/Archives/edgar/data/1723128/000172312826000011/amrx-20251231.htm [High],Included for footprint completeness as a major existing production site; the women's-health transdermal-patch capacity expansion mentioned in company capex commentary is Unverified as being sited here specifically (inferred from product-type match only).
Amneal Pharmaceuticals,Branchburg Manufacturing Site,Branchburg,NJ,40.5698,-74.6899,BROWNFIELD,oral solid dose; devices/combination products,,,operational,,Monitor,Existing manufacturing site producing oral liquid products and nasal sprays. No 2024-2026 capital project identified in available sources.,Lifecycle support and managed services (Weak),,Amneal Pharmaceuticals (company fact sheet) 2025-07 https://amneal.com/wp-content/uploads/2025/07/Amneal-Fact-Sheet-US.pdf [High],Included for footprint completeness; no 2024-2030 capital activity identified.
Avid Bioservices,Tustin (Myford) Biologics Campus - Phase 2 Expansion,Tustin,CA,33.7458,-117.8267,BROWNFIELD,biologics/mAbs,50000000,,operational,2024,Monitor,"Completed 'Myford South' Phase 2 build-out at Avid's Tustin, CA campus, adding a second mammalian-cell upstream/downstream processing train (two new cGMP mammalian-cell suites). Combined Myford Phase 1+2 capacity supports an estimated ~$270 million/year in mammalian-cell manufacturing revenue; Avid cited its 'largest backlog in the history of the company' as of March 2024. Campus totals ~213,000 sq ft across office, manufacturing, lab and warehouse space in four buildings.",Lifecycle support and managed services (Moderate) | Legacy system modernization and migration (Weak),,BioSpace 2021-02 https://www.biospace.com/avid-bioservices-begins-phase-2-of-its-myford-manufacturing-capacity-expansion-plan [Medium] | BioProcess International Unverified https://www.bioprocessintl.com/facilities-capacity/avid-myford-expansions-to-tackle-manufacturing-backlogs [Medium] | Avid Bioservices (Investor Relations) Unverified https://ir.avidbio.com/news-releases/news-release-details/avid-bioservices-unveils-completed-mammalian-cell-facilities [High],"Phase 2 was announced in Feb 2021 with an 18-24 month build timeline and was reported complete/ramped by March 2024 (per backlog commentary), which is why it is included as falling within the research window's tail end. Range of $45-55 million is for Phase 2 alone as reported; $50M used as a midpoint for the investment_usd numeric field. Automation for this build was most likely already awarded/delivered during 2021-2024 construction, hence Monitor rather than OPEN status, though the Feb 2025 change of ownership (see account-level ownership_note) could prompt fresh capital/automation reviews worth tracking."
Avid Bioservices,Costa Mesa Cell & Gene Therapy Facility / Early Phase Center of Excellence,Costa Mesa,CA,33.6411,-117.9187,GREENFIELD,cell & gene therapy,75000000,,operational,2026,OPEN OPPORTUNITY,"New cell & gene therapy development and manufacturing facility built by Avid near (but separate from) its Tustin campus. Initially announced as a ~53,000 sq ft viral vector manufacturing building (~$75M budget), designed and built by CRB in 8 months, with construction completed October 2023. The facility subsequently opened as a 78,000 sq ft 'Early Phase Center of Excellence' with a grand opening on February 24, 2026, positioned to support end-to-end CGT services from cell line development through commercial manufacturing.",Validation / CSV / data integrity (Strong) | MES implementation and integration (Moderate) | SCADA / process control and automation (Moderate),,Avid Bioservices (Investor Relations) 2023-10-17 https://ir.avidbio.com/news-releases/news-release-details/avid-bioservices-completes-construction-new-world-class-cell-and [High] | Fierce Pharma Unverified https://www.fiercepharma.com/manufacturing/avid-bioservices-to-build-74m-plant-california-names-a-new-executive-for-viral [Medium] | CRB Group Unverified https://www.crbgroup.com/news/avid-bioservices-inc-open-of-first-phase-of-new-viral-vector-facility-in-california [Medium] | PR Newswire (Avid Bioservices press release) 2026-02-24 https://www.prnewswire.com/news-releases/avid-bioservices-announces-grand-opening-of-new-early-phase-center-of-excellence-in-costa-mesa-california-302695541.html [High],"It is not fully certain whether the 78,000 sq ft 'Early Phase Center of Excellence' (grand-opened Feb 2026) is the same physical building as the 53,000 sq ft viral vector facility completed in Oct 2023 (possibly expanded/repurposed) or an adjacent second building on the same Costa Mesa site; both are treated as one site given identical location and CGT focus. The $75M figure is the originally disclosed 2021 project budget for the first (53,000 sq ft) phase; no updated total cost for the larger 78,000 sq ft facility was found, so the true total investment may be higher - marked Unverified. Classified GREENFIELD as a genuinely new, separately built facility distinct from the existing Tustin campus."
